id,title,text
100004907,Boo Islands,Indonesia
100004028,"Cape Cod Canal Transit (Canal Transit, Massachusetts)",United States of America
100004073,Cruise Saguenay River (Quebec),Canada
3,Aalborg,Denmark
100004777,Aappilattoq (Kujalleq),Greenland
2,Aarhus,Denmark
100003991,Aberdeen,United Kingdom
100003147,Abidjan,Cote d'Ivoire
100004692,Anastasiya Bay,Russian Federation
2647,Acapulco (Guerrero),Mexico
100004635,Tema (Accra),Ghana
100003998,Ancud,Chile
2880,"Arrecife, Canary Islands",Spain
100004815,Alcudia,Spain
100004475,"EUREKA, CALIFORNIA",United States of America
100003079,Åndalsnes,Norway
2662,Aden,Yemen
100004799,"Angra Do Heroismo, Azores",Portugal
100002976,Adelaide,Australia
990,"Kodiak Island, Alaska",United States of America
100004381,Angras Dos Reis,Brazil
655,Geiranger,Norway
2663,Agadir,Morocco
779,Helsingborg,Sweden
1186,Malaga (Costa del Sol),Spain
2664,"Aghios Nikolaos, Crete",Greece
100004836,Agats (Asmat),Indonesia
100004959,Ahe Lagoon,French Polynesia
100004960,Manahi,French Polynesia
48,Alghero,Italy
100004704,Atlasova Island,Russian Federation
100004396,Aitutaki,Cook Islands
2657,Ajaccio (Corsica),France
100004513,Akaroa,New Zealand
100004953,Auki,Solomon Islands
116,Auckland,New Zealand
100004628,Akpatok Island - North,Canada
100003990,Akpatok Island (Nunavut),Canada
34,Akureyri,Iceland
100004629,Akpatok Island - West,Canada
100003994,Alanya,Turkey
100004507,Albreda,Gambia
100003995,Alderney,Guernsey
2671,Ålesund,Norway
100004454,Alofi,Niue
49,Algiers,Algeria
100002977,Albany (Western Australia),Australia
51,Alicante,Spain
100003992,Al Khoms,Libya
100003993,Al Manamah,Bahrain
100003996,Alotau,Papua New Guinea
100004827,Ali Island,Papua New Guinea
56,Alter do Chão,Brazil
100004473,Alexandria,United States of America
43,Alexandria,Egypt
100003013,Amalfi,Italy
100004731,Ambrym Island,Vanuatu
100004576,Armadale,United Kingdom
100004519,Amelia Island,United States of America
100004925,Tami Islands,Papua New Guinea
100004798,Amasra,Turkey
64,Amsterdam,Netherlands
100003997,Anavilhanas,Brazil
2001,Anchorage,United States of America
1915,San Andres Island,Colombia
78,Antofagasta,Chile
100004056,Cruise Andoya Island,Norway
100004430,Ancona,Italy
81,Antwerp,Belgium
100004366,Antibes,France
2680,St. John's,Antigua and Barbuda
100004853,"Aparri, Luzon",Philippines
100004001,Apra,Guam
85,Apia,Samoa Islands
86,Aqaba (Petra),Jordan
100004002,Archangel,Russian Federation
100004828,Alor,Indonesia
95,Argostoli (Cephalonia),Greece
100004526,ARHUS,Denmark
96,Arica,Chile
100004003,Arsuk Brae,Greenland
100004588,Port Arthur,Australia
100004645,Arviat,Canada
102,Ashdod (Jerusalem),Israel
664,Ascension Island,St Helena
100004663,Alexander Selkirk Island,Chile
100004840,Ashmore Reef,Australia
100004005,Assumption,Seychelles
111,Astoria,United States of America
100004866,Attu Island,United States of America
100003999,Cruise & Explore the Antarctic Peninsula,Antarctica
100004006,Atuona - Hiva Oa,French Polynesia
100004937,Antipodes Islands,New Zealand
2683,"Oranjestad, Aruba",Aruba
2660,Abu Dhabi,United Arab Emirates
100004951,Savu,Indonesia
100004577,Anguilla,
100004867,Adak,United States of America
74,Antalya,Turkey
100004009,Ballycastle,United Kingdom
100004007,Bahrain,
100004776,Baiona,Spain
100004010,Bandar Abbas,Iran (islamic republic of)
2102,St. Kitts (Basseterre),St Kitts and Nevis
100004014,Battle Harbour,Canada
2695,Bay of Islands,New Zealand
100004616,Bencas Island,Canada
157,Barcelona,Spain
100004595,Baie-Comeau,Canada
100004676,Beechey Island,Canada
750,Hamilton,Bermuda
100004541,Brodick,United Kingdom
100004880,Big Diomede Island,Russian Federation
100003164,Bocas del Toro,Panama
100004424,Belawan,Indonesia
196,Benghazi,Libya
100004016,Belle Ile,France
2468,Belem,Brazil
100004438,Beppu (Kyushu Island),Japan
2699,Bequia,St Vincent and Grenadines
252,Brest,France
183,Beirut,Lebanon
2697,Belize City,Belize
189,Belfast,United Kingdom
256,Bridgetown,Barbados
100004580,Bangka Island (Parai Beach Resort),Indonesia
203,Bergen,Norway
100004013,Bastia,France
100004585,Bijagos Archipelago,Guinea-Bissau
100004017,Bildudalur,Iceland
209,Bilbao,Spain
215,Bitung,Indonesia
100004371,Bejaia,Algeria
151,Banjul,Gambia
1009,Kota Kinabalu,Malaysia
100004011,Bangkok (Klong Toey),Thailand
100004018,Black River,Jamaica
100004019,Bleaker Island,Falkland Islands (Malvinas)
100004665,Ballestas Islands,Peru
100004377,Balls Pyramid & Lord Howe Isl,Australia
100004024,Broome (Kimberley),Australia
100004020,Kralendijk,Netherlands Antilles
100004950,Banda Neira Island,Indonesia
264,Brisbane,Australia
233,Bora Bora (Society Islands),French Polynesia
223,Boca Da Valeria,Brazil
235,Bordeaux,France
100004022,Bonifacio (Corsica),France
100004957,Bouj,Marshall Islands
1339,Mumbai,India
100003960,Bom Bom Island,Sao Tome and Principe
100004802,Boracay (Malay),Philippines
237,Boston Massachusetts,United States of America
100004401,Boulogne sur Mer,France
100004021,Bonaventure Island,Canada
100004023,Brattahlid,Greenland
2693,Bar Harbor Maine,United States of America
100003964,Brindisi,Italy
100004634,Bremerhaven,Germany
159,Bari,Italy
100004963,Bonriki,Kiribati
287,Burnie,Australia
100004555,Torghatten,Norway
100004688,Barrow,United States of America
100004785,Bahia Solano (Choco),Colombia
100004481,Booth Bay Harbour,United States of America
100004800,Bintulu,Malaysia
100004964,Butaritari,Kiribati
174,Batumi,Georgia
279,Buenos Aires,Argentina
100004025,Bundaberg,Australia
100004026,Busan,"Korea, Republic of"
100004081,Cruise/Explore Button Islands,Canada
100003983,Buzios,Brazil
140,Baltimore,United States of America
2702,Bodrum,Turkey
100004660,Bayonne,United States of America
100004936,Bounty Islands,New Zealand
100004105,Date Line lose a day,At sea
100004096,Cruising the Chilean Fjords,Chile
100004521,Panama Canal - Partial Transit,Panama
100003196,Gatun Lake,Panama
100004485,Cruise Stromboli,Italy
100004098,Cruising Milford Sound,New Zealand
100004486,Cruise-Great Barrier Reef,Australia
100004487,ICE BARRIER,At sea
100004068,Cruise Magdalene Fjord,At sea
100004058,Cruising Breves Narrows,Brazil
100004072,Cruising the Amazon River,Brazil
100004488,"CRUISING ISCHIA, CAPRI",Italy
100004489,Cruise Hudson River,At sea
100004104,Date Line gain a day,At sea
100004490,Cruise Sawyer Glacier,At sea
100004491,College Fjord (Alaska),United States of America
100004492,"CRUISE ITALIAN, FRENCH RIVIERA",At sea
100004493,Cruise the Cyclades Iles,Greece
100004064,Hubbard Glacier,United States of America
100004494,Cruise Misty Fjords,At sea
100004065,Cruise Inside Passage,United States of America
100004639,Cruise the Dardanelles,Turkey
100004095,Cruising Cape Horn,Chile
100004075,Cruise Strait of Magellan,Chile
100004097,Cruising Iwo Jima,Japan
100004077,Cruise Tracy Arm/Sawyer Glacier,United States of America
100004059,Cruising the College Fjord,United States of America
100004094,Cruising Along North Cape,Norway
100004091,Cruise/Explore Shetland Island,United Kingdom
100004082,Cruise/Explore Faroe Islands,Faeroe Islands
100004085,Cruise/Explore Jan Mayen Isl,Norway
100004080,Cruise & Explore Bear Island (Svalbard),Norway
100004057,"Cruise Arsuk Brae Glacier, Greenland",Greenland
100004079,Cruise/Explore Barrier Reef,Belize
100004078,Cruise/Explore Baja California,Mexico
100004087,Cruise/Explore Lofoten Islands,Norway
100004060,"Cruise Eqip Sermia Glacier, Greenland",Greenland
100004100,Cruising Pio XI Glacier,Chile
100004050,Cruising the Chilean Fjords,Chile
100004203,Los Islotes and Espiritu Santo,Mexico
100004084,"Cruise/Explore Isla San Jose, Mexico",Mexico
100004074,Cruise St. Lawrence River,At sea
100004070,Cruise Norwegian Fjords,Norway
100004582,CRUISING THE YANGTZE RIVER,China
343,Cardiff,United Kingdom
304,Cagliari (Sardinia),Italy
1729,Puerto Caldera,Costa Rica
100003986,Camarones,Argentina
315,Lima (Callao),Peru
100004029,Capri,Italy
347,Cartagena (Spain),Spain
349,Casablanca,Morocco
100004683,Cruise Amundsen Trough,Canada
100004517,Canouan I.,St Vincent and Grenadines
1545,Penang,Malaysia
100004615,Cape Dorset (Dorset Island),Canada
100004879,Cape Dezhnev,Russian Federation
100004682,Cruise Dease Strait,Canada
100004069,Cruising Milford & Dusky Sound,New Zealand
100003083,Cebu,Philippines
100004985,Cruise/Explore the Caribbean,At sea
100004976,Cruise/Explore Galapagos Islands,Ecuador
362,Ceuta,Spain
100004089,Pearl Islands,Panama
1690,Porto Cervo,Italy
100004233,NAVIGATE ALONG CHILEAN FJORD,Chile
100004402,Caen,France
2926,Charlestown (Nevis),St Kitts and Nevis
379,Cherbourg,France
100004716,Chichijima,Japan
100003387,Jeju,"Korea, Republic of"
100004049,Chan May (Hue/Danang),Vietnam
100004525,Chania (Crete),Greece
100004071,Cruise Prince Christian Sound,Greenland
2721,Charleston (South Carolina),United States of America
100004987,Christophe Harbour,St Kitts and Nevis
100004917,Chuuk Lagoon,Fed States of Micronesia
100004982,Taro Island,Solomon Islands
100004934,Chatham Island,New Zealand
100004873,Chiswell Islands (Alaska),United States of America
100004642,Cies Islands,Spain
100004709,Chirpoy Island,Russian Federation
402,Civitavecchia (Rome),Italy
100004939,Campbell Island,New Zealand
100004797,Cruise Loch Fyne,United Kingdom
100004027,Cai Lan,Vietnam
100003963,Calvi (Corsica),France
415,Colombo,Sri Lanka
100004083,Cruise/Explore Isla Carmen,Mexico
2477,Costa Maya Quitana Roo,Mexico
2735,Constanta,Romania
325,Cannes,France
323,Canakkale,Turkey
306,Cairns,Australia
2974,Port Canaveral,United States of America
100004427,Cobh,Ireland
100004367,Cocos Island,Cocos Islands
408,Cochin,India
416,Colon,Panama
100004372,Comodoro Rivadavia,Argentina
100004051,Cooktown,Australia
427,Coquimbo,Chile
100004052,Corfu,Greece
442,Cotonou,Benin
100004186,La Coruna,Spain
100004471,Cowes,United Kingdom
100004932,Champagne Beach,Vanuatu
426,Copenhagen,Denmark
100004496,Coffs Harbour & Port Macquarie,Australia
100004678,Cruise Peel Sound (Nunavut),Canada
335,Cape Town,South Africa
100004884,Cape Navarin,Russian Federation
100004673,Croker Bay,Canada
450,Cristobal,Panama
100004048,Castro,Chile
100004054,Corregidor Island,Philippines
100004106,Day at sea,At sea
100004030,Carcass Islands,Falkland Islands (Malvinas)
100004543,Solovetsky,Russian Federation
100004047,Cassis,France
100004697,Cape Severo-Zapadnyi,Russian Federation
358,Catania,Italy
100004640,Caleta Tortel,Chile
4001,Cartagena,Colombia
100004474,Santa Catalina Island,United States of America
100004554,Church Bay,United Kingdom
100004101,Curieuse,Seychelles
100003333,Willemstad,Netherlands Antilles
100004814,Cruise White Narrows,Chile
448,Cozumel Quintana Roo,Mexico
100004699,Chazma River,Russian Federation
458,Da Nang,Vietnam
100004103,Darien Jungle,Panama
462,Dakar,Senegal
465,Dalian,China
100004102,Dar Es Salaam,Tanzania
100004691,Dezneva Bay,Russian Federation
519,Dubrovnik,Croatia
100004672,"Dundas Harbour, Devon Island",Canada
100004109,Deshaies,French West Indies
100004790,"Dei Dei Hot Springs, Fergusson Island",Papua New Guinea
100004446,DERNAH,Libya
100004110,Desroches,Seychelles
100004111,Devenport,Australia
100004614,Douglas Harbour,Canada
100004187,La Digue,Seychelles
496,Dikili (Izmir),Turkey
100004606,Duart,United Kingdom
100004508,Diu,India
890,Jayapura,Indonesia
100004835,"Durjela Village, Dobo Island",Indonesia
100004658,Djupivogur,Iceland
100004591,Cruising Dusky Sound,New Zealand
100004108,Delos,Greece
100004472,Dundee,United Kingdom
3064,Saint Malo (Brittany),France
100004791,Dobu Island,Papua New Guinea
100004112,Doha,Qatar
511,Dover (London),United Kingdom
100004234,Drake Passage,At sea
100004008,"Benoa, Bali",Indonesia
100004527,DARNAH (DERNA),Libya
476,Darwin,Australia
100004540,Dartmouth,United Kingdom
518,Dublin,Ireland
100004114,Ducie Island,Pitcairn Island
100004115,Dunedin (South Island),New Zealand
528,Durban,South Africa
100002987,Dutch Harbor,United States of America
489,Devil's Island,French Guiana
100004908,Den Weg Islands,Indonesia
517,Dubai,United Arab Emirates
100004886,Gulf of Anadyr,Russian Federation
100004885,Anadyr,Russian Federation
100004116,Dzaoudzi,Mayotte
100004337,Tory Island,United Kingdom
100004544,Cruise/Explore Novaya Zemla,Russian Federation
100004545,Cruise/Explore Franz Joseph Land,Russian Federation
100004546,Cruise/Explore Tobago Cays,St Vincent and Grenadines
100004547,Cruise/Explore Deserta Grande Island,Portugal
100004548,Cruise/Explore Lunga,United Kingdom
100004550,Cruise/Explore Banana Island,Sierra Leone
532,Easter Island,Chile
1701,Portoferraio (Elba),Italy
10006135,Eidi,Faeroe Islands
100004117,Eden,Australia
100004940,Enderby & Auckland Islands,New Zealand
100004842,Cruise/Explore Kimberley Coast,Australia
100004118,Elephant Island,Antarctica
530,East London,South Africa
546,Ensenada,Mexico
100004641,Salina,Italy
100004889,Enmelen & Rudera Cape,Russian Federation
100004120,Isle of Eriskay,United Kingdom
100004121,Explore Isla Santa Catalina,Mexico
100004823,Eqip Sermia Glacier,Greenland
100004657,Eskifjordur,Iceland
556,Esmeraldas,Ecuador
100004143,Harstad,Norway
100003191,Exmouth (Western Australia),Australia
100004061,"Cruise Eyafjordur, Iceland",Iceland
955,Key West,United States of America
100004122,Fair Isle,United Kingdom
100004123,Fakarava,French Polynesia
100003038,Falmouth,United Kingdom
100004124,Fatu Hiva,French Polynesia
604,Fort-de-France,Martinique
100004382,Fernando De Noronha,Brazil
100004125,Fethiye,Turkey
100004961,Funafuti,Tuvalu
100004601,Fanning Island,Kiribati
100004411,"FISCARDO, KEFALONIA",Greece
100004126,Fitzalan (Whitsunday),Australia
100004458,FLAMINGO ISLAND,Panama
100004736,Fulanga,Fiji
100003194,Fort Lauderdale,United States of America
100004383,Florianopolis,Brazil
100004408,St Florent,France
100004817,Falmouth,Jamaica
100004506,Freetown,Sierra Leone
634,Funchal,Portugal
607,Fortaleza,Brazil
611,Foynes,Ireland
100004129,Fowey,United Kingdom
2782,Freeport,Bahamas
100004989,K'Gari (formely Fraser Island),Australia
100003970,Frederiksted,United States Virgin Islands
100003419,Fremantle (Perth),Australia
100004926,Fergusson Island,Papua New Guinea
100003961,"FORMENTERA, BALEARIC ISLANDS",Spain
100003557,St Pierre,St Pierre and Miquelon
100004128,Tolagnaro,Madagascar
100003152,Fuerte Amador (Panama City),Panama
100004631,Fukuoka (Kyushu Island),Japan
100004130,Fujairah,United Arab Emirates
100004748,Sullivan Bay (Santiago),Ecuador
100004749,Isla Bartolome,Ecuador
100004750,Buccaneers Cove/Playa Espumilla (Santiago),Ecuador
100004751,Punta Vicente Roca (Isabela),Ecuador
100004752,"Punta Espinoza, Fernandina",Ecuador
100004753,Tagus Cove (Isabela),Ecuador
100004754,Elizabeth Bay (Isabela),Ecuador
100004755,Post Office Bay (Floreana),Ecuador
100004756,Punta Cormorant (Floreana),Ecuador
100004757,"Galapaguera, San Cristobal",Ecuador
100004758,Wizard Hill,Ecuador
100004759,Santa Cruz Highlands,Ecuador
100004760,"Fausto Llerena Breeding Center, Puerto Ayora (Santa Cruz)",Ecuador
100004747,Cerro Dragon (Santa Cruz),Ecuador
100004762,"Prince Philips Step's, Genovesa",Ecuador
100004763,"Darwin Bay, Genovesa",Ecuador
100004764,North Seymour,Ecuador
100004765,El Chato Reserve,Ecuador
100004766,Punta Pitt (San Cristobal),Ecuador
100004767,El Junco Lagoon,Ecuador
100004768,Centro de Interpretation,Ecuador
100004769,Frigatebird Hill,Ecuador
100004770,"Gardner Bay, Española",Ecuador
100004771,"Punta Suarez, Española",Ecuador
100004772,South Plaza,Ecuador
100004792,Rábida,Ecuador
100004793,Bahia Ballena,Ecuador
100004891,Gabriela Bay,Russian Federation
100004431,Gaeta,Italy
100004719,"Gaferut, Yap",Fed States of Micronesia
2786,Gallipoli,Italy
100004131,Garibaldi Fjord & Glacier,Chile
649,Gaspé (Quebec),Canada
100003555,St Peter Port,Guernsey
100004528,"George Town, Grand Cayman",Cayman Islands
650,Gdansk,Poland
651,Gdynia (Gdansk),Poland
654,Geelong,Australia
100004375,Geraldton (Perth),Australia
100004568,Glengariff,Ireland
100004062,Cruise Garabaldi Glacier,Chile
100004871,Geographic Harbor,United States of America
668,Gibraltar,
100004133,Gorgona Island,Colombia
100004132,Isle of Gigha,United Kingdom
100004567,Gijon,Spain
100004809,Guañape Islands,Peru
100004952,Gizo,Solomon Islands
683,Golfito,Costa Rica
676,Gloucester,United States of America
2795,St George's,Grenada
661,Genoa,Italy
100003383,Golfo Dulce,Costa Rica
100004140,"PORTO, CORSICA",France
687,Gothenburg,Sweden
100003903,Gozo,Malta
100004746,Baltra,Ecuador
100002979,Gravdal (Lofoten Islds),Norway
2656,Greenock (Glasgow),United Kingdom
100004136,Grundarfjordur,Iceland
100004421,Grimsey,Iceland
100004135,Gros Morne National Park,Canada
100002965,Grand Turk,Turks and Caicos Islands
100003056,El Guamache,Venezuela
100004138,Gudvangen,Norway
100004139,Guernsey,
100004137,Guangzhou (Canton),China
100004428,Galway,Ireland
716,Guayaquil,Ecuador
2801,Gythion,Greece
100004713,Hachijo-jima,Japan
100004575,Haikou,China
745,Ha Long Bay,Vietnam
749,Hamburg,Germany
100004361,Whitsundays (Hardy Reef),Australia
100004656,Haugesund,Norway
100004144,Havre St. Pierre (Quebec),Canada
797,"Hobart, Tasmania",Australia
100004063,Cruise Hormigas de Afuera,Peru
100003978,Heimaey,Iceland
781,Helsinki,Finland
100004146,"Henderson Island, Pitcairn Islands",Pitcairn Island
100004147,Heraklion,Greece
732,Haifa (Nazareth),Israel
100004542,Hofn,Iceland
754,Hammerfest,Norway
100004874,"Holgate Glacier, Alaska",United States of America
100004715,Haha-jima,Japan
100004878,Hall Island,United States of America
793,Hiroshima,Japan
789,Hilo,United States of America
816,Honiara / Guadalcanal,Solomon Islands
100004145,Whitsundays (Hayman Island),Australia
738,Hakodate (Hokkaido),Japan
815,Hong Kong,China
1558,Phuket,Thailand
777,Hellesylt,Norway
100004360,Whitsundays (Hamilton Island),Australia
807,Holyhead,United Kingdom
100004213,Malmo,Sweden
100004784,Hambantota,Sri Lanka
818,Honolulu,United States of America
734,Haines (Alaska),United States of America
100004484,Hodeidah,Yemen
813,Honfleur,France
100003209,Homer,United States of America
100004149,Hopedale,Canada
100004055,Cruise Along Hornbjarg Cliffs,Iceland
100004150,Hornsund,Norway
100004142,Haiphong (Hanoi),Vietnam
100004522,Grays Harbour,United States of America
100004687,Herschel Island (Yukon Territory),Canada
100004556,Island of Runde Heroy,Norway
100004566,Helsingor,Denmark
829,Huatulco,Mexico
100004391,Huangpu (Canton),China
2817,Huahine,French Polynesia
100004854,Hualien,China
100004971,Hakahau,French Polynesia
100004807,Huelva,Spain
100004151,Hvalsey,Greenland
2476,Honningsvag (Nord Cape),Norway
100003021,Husavik,Iceland
100004152,Hvar,Croatia
100004365,Hydra,Greece
100004626,Holy Isle,United Kingdom
2822,Ibiza,Spain
100004664,Isla Chañaral,Chile
100003956,Isla de Providencia,Colombia
100004720,Ifalik,Fed States of Micronesia
100004153,Igaliku,Greenland
100004818,Igoumenitza,Greece
100004666,Isla Guanape,Peru
100004900,Iriomote-jima,Japan
100004967,Manihiki,Cook Islands
100004155,Ilheus,Brazil
100004385,Ilha Grande,Brazil
100004156,Ilulissat,Greenland
100004154,"Ile Rousse, Corsica",France
100003975,Les Saintes,French West Indies
100004432,Imperia,Italy
100004157,Incheon (Seoul),"Korea, Republic of"
100004856,Iony Island,Russian Federation
100004955,Pingelap,Fed States of Micronesia
860,Invergordon (Highland),United Kingdom
871,Isle of Man (Douglas),United Kingdom
100004158,Iona,United Kingdom
2824,Pine Island,New Caledonia
100004162,Isla de la Plata,Ecuador
100004529,Iquique,Chile
100003022,Isafjordur,Iceland
100004160,Ischia,Italy
100004161,Ishigaki Ryukyu Islands,Japan
869,Iskenderun,Turkey
100004093,Isla de Coiba,Panama
875,Istanbul,Turkey
100004165,Islay,United Kingdom
100003894,Itajai,Brazil
100004167,Itea,Greece
100004573,Itilleq (Qeqqata),Greenland
100004855,Piltun Lagoon,Russian Federation
100004796,Inveraray,United Kingdom
100004929,Iwa Island,Papua New Guinea
1599,Port Blair,India
880,Izmir,Turkey
100004168,Jan Mayen Island,Norway
100004476,Jacksonville,United States of America
100004320,St Jean de Luz,France
100004169,Jeddah,Saudi Arabia
100004958,"Jeh, Ailinglaplap Atoll",Marshall Islands
100004376,Jervis Bay,Australia
100004581,Jiangyin,China
100003948,Djibouti,
100004598,Chios,Greece
100004425,Jakarta,Indonesia
100004680,Jenny Lind Island,Canada
1350,Mykonos,Greece
100004610,Nanortalik (Kujallek),Greenland
905,Juneau (Alaska),United States of America
2840,Jost Van Dyke (British Virgin Islands),British Virgin Islands
100004821,Skiathos,Greece
1959,Santorini,Greece
100004412,Kastellorizon,Greece
100004172,Kangaroo Island,Australia
100004171,Kalamata,Greece
100004439,Kanazawa,Japan
935,Karlskrona,Sweden
100004468,Kas,Turkey
2849,Katakolon (Olympia),Greece
100004453,Kawau Island,New Zealand
100004834,Kalabahi (for Takpala),Indonesia
100004583,Kribi,Cameroon
100004696,Komandor Bay,Russian Federation
100004533,Killybegs,Ireland
100004816,Anzac Dawn Service,Turkey
100004887,Kresta Bay,Russian Federation
100004181,Kuching,Malaysia
100004875,Chignik (Alaska),United States of America
100004903,Kudat,Malaysia
2851,"Keelung, Taiwan",China
100004646,Kekerten Island,Canada
1028,Port Klang (Kuala Lumpur),Malaysia
100004894,Karaginskiy Island,Russian Federation
100004176,Kingston,Jamaica
100004175,Khasab,Oman
100003942,"Kaohsiung, Taiwan",China
965,Kiel Canal,Germany
100004972,Kanton Island,Kiribati
100004177,Kish Island,Iran (islamic republic of)
100003246,Kythira,Greece
100004944,Kaikoura,New Zealand
100004321,St. Kilda,United Kingdom
100004592,Klaipeda,Lithuania
100004389,Cruise/Explore Killiniq Island,Canada
100004919,Kolonia,Fed States of Micronesia
919,Kalmar,Sweden
100004700,Kamenistaya Bay,Russian Federation
100004863,Kamchatka River,Russian Federation
100004888,Konergino & Meechkin Island,Russian Federation
100004898,Kumamoto,Japan
100003564,Kingstown,St Vincent and Grenadines
100004928,Kitava & Naratu Islands,Papua New Guinea
100004922,Kennedy Island,Solomon Islands
100004170,Kailua Kona,United States of America
988,Kobe,Japan
100004845,Kodi,Indonesia
978,Kirkwall,United Kingdom
908,Kagoshima,Japan
100004178,Kokkola,Finland
100004179,Komodo Island,Indonesia
1004,Koper,Slovenia
100002963,Korcula,Croatia
100004921,Kapingamarangi,Fed States of Micronesia
100004788,Kopar Village,Papua New Guinea
2863,Kristiansand,Norway
100004180,Krabi,Thailand
100004850,Kinabatangan River,Malaysia
100004911,"Kri Island, Raja Ampat",Indonesia
100004174,Karimunjawa,Indonesia
100004868,Kiska Harbor (Aleutian Islands),United States of America
2860,Kos,Greece
100004184,Kushiro,Japan
1021,Kristiansund,Norway
100004711,Korsakov,Russian Federation
953,Ketchikan,United States of America
1011,Kotor,Montenegro
1031,Kuantan,Malaysia
100004872,Kukak Bay,United States of America
100004865,Kunashir Island,Russian Federation
100004182,Kupang,Indonesia
100004183,Kura Kura (Karimunjawa),Indonesia
1041,Kusadasi,Turkey
100004649,Kavala,Greece
100004862,Kvachina River & Utkholok Peninsula,Russian Federation
100004532,Kuwait City,Kuwait
1052,La Guaira (Caracas),Venezuela
2649,Lahaina,United States of America
100004191,Lamu,Kenya
100004185,L'Anse aux Meadows,Canada
1058,La Paz,Mexico
100004832,Lamalera Village,Indonesia
1148,Los Angeles,United States of America
2897,Lubeck (Hamburg),Germany
100004837,Little Boydong Reef,Australia
100004695,Lavrova Bay,Russian Federation
2894,Longyearbyen,Norway
1085,Larnaca,Cyprus
100004194,Loch Ewe,United Kingdom
100004810,Lobos de Tierra Island,Peru
100004849,Lahud Datu (for datum Valley Nat Park),Malaysia
100004199,Londonderry,United Kingdom
100004820,Santa Maria Di Leuca,Italy
2107,St Petersburg,Russian Federation
2893,Lembar Lombok,Indonesia
1107,Lerwick,United Kingdom
100003463,Le Verdon (Bordeaux),France
100004189,Lady Franklin Island,Canada
100004192,Langkawi,Malaysia
100003247,Tunis (La Goulette),Tunisia
100004196,London (Greenwich),United Kingdom
100004188,Horta,Portugal
100004778,Lichtenau,Greenland
100004794,Lifou,New Caledonia
100004457,Lillesand,Norway
1118,Limassol,Cyprus
100004512,Lindos,Greece
1124,Lipari Island,Italy
100004706,Lovyshki Islands,Russian Federation
1125,Lisbon,Portugal
1131,Livorno (Tuscany),Italy
100004633,Larantuka,Indonesia
100004735,Leleuvia Island,Fiji
100004954,Langa Langa Lagoon,Solomon Islands
100004584,Limbe,Cameroon
1070,Bangkok (Laem Chabang),Thailand
100004539,Lyme Regis,United Kingdom
100004477,Long Beach,United States of America
100004207,Lunenburg,Canada
100004193,Lobito (Benguela),Angola
100004195,Lofoten Islands,Norway
100004200,Long Island-Bay of Fundy,Canada
100004730,Lo Island,Vanuatu
1136,Lomé,Togo
100004198,London (Tower Bridge),United Kingdom
100003049,Lorient,France
100003029,Leknes  (Vestvågøy),Norway
100004205,"Louisbourg, Nova Scotia",Canada
1089,Canary Islands (Las Palmas),Spain
100003249,La Pallice  (La Rochelle),France
1060,La Romana,Dominican Republic
100004627,Lower Savage Islands,Canada
100004190,Laguna San Rafael,Chile
100004455,Alta,Norway
1104,Edinburgh (Leith),United Kingdom
100004843,Leti Island,Indonesia
2089,Saint Tropez,France
100004206,Luanda,Angola
1159,Luderitz,Namibia
100004931,Luganville,Vanuatu
1162,Lulea,Sweden
100004734,Levuka,Fiji
100004202,Longyearbyen,Norway
100004258,Oslo/Longyearbyen,Norway
392,Lyttelton (Christchurch),New Zealand
100004208,Chennai,India
100004463,Marbella,Spain
100004209,Chennai,India
100004210,Mafia Island,Tanzania
100003946,Madang,Papua New Guinea
100003259,Porto Mahon,Spain
3065,"Marigot, St. Martin",French West Indies
1184,Majuro,Marshall Islands
100004811,Makassar,Indonesia
100004737,Mala Island,Tonga
1198,Manaus,Brazil
1209,Maputo,Mozambique
100004226,Mormugao (Goa),India
100004217,Matarani,Peru
100003263,Mayreau Island,St Vincent and Grenadines
100004395,Mayotte,
1300,Mombasa,Kenya
1311,Montego Bay,Jamaica
100004702,Morzovaya Bay,Russian Federation
100004899,Motobu,Japan
100004909,MacCluer Gulf,Indonesia
1310,Monte Carlo,Monaco
100004651,Macapa,Brazil
1347,Muscat,Oman
100004783,Montoir de Bretagne,France
100004962,Nanumea,Tuvalu
1248,Melbourne,Australia
100004220,Menton,France
1255,Messina,Italy
100004883,Meynypilgyno (Chukotka),Russian Federation
100004224,Monte Carlo (Grand Prix),Monaco
1213,Mariehamn,Finland
1258,Miami,United States of America
100004216,Maniitsoq,Greenland
100004222,Miyanoura - Yakushima,Japan
100004221,Milazzo (Sicily),Italy
2467,Mindelo,Cape Verde
100004705,Makanrushi Island,Russian Federation
100004225,Monumental Island,Canada
2885,Mytilene,Greece
100004230,Mykines,Faeroe Islands
100004223,Monkey River and Punta Gorda,Belize
100004219,Malacca,Malaysia
2328,Valletta,Malta
100003045,Male,Maldives
100004858,Malminskie Islands & Fedora Bay,Russian Federation
100004655,Melilla,Spain
100003493,Milos,Greece
100003115,Mamoudzou,Mayotte
1205,Manila,Philippines
100003497,Monterey,United States of America
100004831,"Maumere, Flores",Indonesia
100004440,Moji,Japan
100003968,Molde (Romsdal),Norway
2916,Monemvasia (Laconia),Greece
100004227,Mossel Bay,South Africa
1327,Motril,Spain
100004228,Mousa,United Kingdom
100004413,Molivos,Greece
1316,Moorea Island,French Polynesia
100004163,Isla Magdalena National Park,Chile
1997,Sete,France
1672,Port Stanley,Falkland Islands (Malvinas)
100004942,Macquarie Island,Australia
100004808,Morehead City,United States of America
100004787,Murik Lakes,Papua New Guinea
1228,Marseille,France
100003291,Port Louis,Mauritius
100004727,"Lumalihe Island, Marovo Lagoon",Solomon Islands
100004930,Port Mary,Solomon Islands
100004450,MARINA SMIR,Morocco
100004910,Missool Island,Indonesia
1397,New Orleans,United States of America
100004978,Namibe,Angola
1207,Manta,Ecuador
100004661,Montanas Fjord,Chile
100004707,Matua Island,Russian Federation
100004478,Metlakatla (Alaska),United States of America
2917,Montreal,Canada
2918,Plymouth,Montserrat
100004229,Murmansk,Russian Federation
100004781,Mahajanga,Madagascar
1332,Muara,Brunei Darussalam
100004975,Mata-Utu,Wallis and Futuna Islands
100004214,Mangareva (Gambier Islands),French Polynesia
1312,Montevideo,Uruguay
100004479,Oak Bluffs,United States of America
100004712,Miyako-jima,Japan
100004211,Mageroya Island,Norway
1244,Mazatlan,Mexico
1358,Naha Okinawa,Japan
1093,Lautoka,Fiji
1374,Naples,Italy
100004232,Narsarsuaq (Kujalleq),Greenland
1377,Nassau (Paradise Island),Bahamas
100004283,Puerto Natales,Chile
100003475,Nafplion,Greece
1382,Nawiliwili,United States of America
100004693,Natalia Bay,Russian Federation
100003478,Newcastle,United Kingdom
1413,Nice,France
100004466,"Neiafu, Vava'u Group",Tonga
100004243,New Mangalore,India
2924,Nesebar,Bulgaria
1440,"Nuku'alofa, Tongatapu",Tonga
100004623,Anegada,British Virgin Islands
100004231,Nagoya,Japan
1356,Nagasaki,Japan
100004913,Ngulu Atoll,Fed States of Micronesia
1410,Nha Trang,Vietnam
1928,San Juan del Sur,Nicaragua
100004245,Niebla,Chile
100004625,New Island,Falkland Islands (Malvinas)
100004246,Nightingale Island,St Helena
100004392,Nanjing,China
100004895,Nikolskoye,Russian Federation
1378,Natal,Brazil
100004729,Santa Ana,Solomon Islands
100004611,Nanook Harbour,Canada
100004248,Nosy Be,Madagascar
1434,Noumea,New Caledonia
1373,Napier,New Zealand
2933,"Newport, Rhode Island",United States of America
100004247,Norfolk Islands,Australia
100004938,Nelson,New Zealand
100004166,Noss,United Kingdom
1369,Nantes,France
100004244,Newcastle,Australia
1444,"Ny Alesund / Spitsbergen, Norway",Norway
100004249,Nuku Hiva,French Polynesia
100004974,Nununono,Tokelau
100004920,Nukuoro,Fed States of Micronesia
1442,Nuuk (Godthab),Greenland
100004743,Narvik,Norway
100004698,Nokolsoye Village,Russian Federation
100004099,Cruising NY Alesund,Norway
1399,New York,United States of America
2944,Oban (Argyll),United Kingdom
100004608,Scoresby Sund,Greenland
1454,Ocho Rios,Jamaica
1457,Odessa,Ukraine
100004859,Okhotsk,Russian Federation
10005445,"Otter Cove, Unimak Island",United States of America
100004250,"Olbia, Sardinia",Italy
1468,Olden,Norway
100004896,Olga Bay,Russian Federation
100004251,Olhahali,Maldives
100004689,Nome,United States of America
100004988,Oil Nut Bay,British Virgin Islands
100004864,"Onekotan Island, Kuril Islands, Russia",Russian Federation
100004740,Opoa,French Polynesia
100004613,Opingivik,Canada
2945,Oporto (Leixões),Portugal
100002967,Norfolk,United States of America
100003400,Cork,Ireland
100004918,Oroluk Atoll,Fed States of Micronesia
1484,Osaka,Japan
1487,Oslo,Norway
100004257,Osa Peninsula,Costa Rica
2946,Oostende,Belgium
1490,Otaru,Japan
100004256,Ornskoldsvik,Sweden
100004259,Oye,Norway
100003984,Paraty,Brazil
100004263,Pare Pare,Indonesia
100004260,Paita,Peru
1504,Palamos,Spain
2462,Panama Canal Transit,Panama
100004414,Paros,Greece
1539,Patmos,Greece
100004912,Palau Archipelago,Palau
100004272,Porto Belo,Brazil
3127,Palm Beach,United States of America
100004574,Port aux Basques,Canada
100004694,Peter Bay,Russian Federation
1731,Puerto Chacabuco,Chile
2756,Dunedin (Port Chalmers),New Zealand
100004805,Madalena,Portugal
100004164,Isla Pan de Azúcar,Chile
100003070,Tanah Ampo,Indonesia
100004671,"Pond Inlet, Nunavut",Canada
100003482,Ponta Delgada (Sao Miguel Island),Portugal
100003985,Punta del Este,Uruguay
100004281,Puerto del Rosario,Spain
2976,Port Douglas,Australia
1695,Porto Empedocle,Italy
1545,"George Town, Penang",Malaysia
1553,Peterhead (Aberdeen),United Kingdom
100004717,Pagan,Northern Marianas
100004273,Porto Grande,Cape Verde
3063,Philipsburg,Netherlands Antilles
1555,Philadelphia,United States of America
1559,Picton,New Zealand
1531,Parintins,Brazil
100004973,Phoenix Islands Protected Area,Kiribati
2968,Athens (Piraeus),Greece
100004266,Pisco,Peru
2966,Petropavlovsk Kamchatsky,Russian Federation
100004262,Paracas,Peru
2970,Playa del Carmen,Mexico
100004674,Prince Leopold Island,Canada
100003464,Puerto Limón,Costa Rica
100004675,Port Leopold,Canada
100004902,Pulau Tiga,Malaysia
100004268,"POLTU QUATU, SARDINIA",Italy
1570,Plymouth,United Kingdom
1608,Port Elizabeth,South Africa
100004775,Pembroke,United Kingdom
1747,Puerto Montt,Chile
100004586,Puerto Chiapas,Mexico
100004970,Pau Mao Bay,French Polynesia
1511,Palma de Mallorca,Spain
2950,"Palermo, Sicily",Italy
100004738,Palmerston Island,Cook Islands
1742,Puerto Madryn,Argentina
100004830,"Pink Beach, Komodo",Indonesia
100004825,Pointe Noire,Congo
100004927,Punawan Island,Papua New Guinea
100004264,Penzance,United Kingdom
1684,Portimão,Portugal
100003949,Pohnpei,Fed States of Micronesia
1637,Port Moresby,Papua New Guinea
100004531,Porto Novo,Cape Verde
100004277,Portsmouth,United Kingdom
1500,Pago Pago,American samoa
100004846,Palopo Sulawesi (Gateway for Tana Toraja),Indonesia
100004275,"Porto Praia, Cape Verde",Cape Verde
100004852,Puerto Princesa,Philippines
1524,Papeete (Tahiti),French Polynesia
100003459,Praia,Cape Verde
100004578,Probolinggo,Indonesia
100004388,Perce,Canada
100004600,Portsmouth,Dominica
100004278,Praslin,Seychelles
1716,Progreso (Mérida),Mexico
100003441,Porquerolles,France
2983,Portovenere (Cinqueterre),Italy
100004276,Portrush,United Kingdom
1668,Port Said,Egypt
100004652,Ponce,Puerto Rico
100004435,Positano,Italy
100004838,Stanley Island,Australia
1597,Port Antonio,Jamaica
2969,Adamstown (Pitcairn Island),Pitcairn Island
1703,Portofino,Italy
100004270,Port Lincoln,Australia
1575,"Pointe-a-Pitre, French West Indies",French West Indies
1704,"Portree, Isle of Skye",United Kingdom
100004935,Pitt Island,New Zealand
100003292,Puerto Ordaz,Venezuela
1758,Pula,Croatia
1767,Puntarenas,Costa Rica
100004916,Pulap,Fed States of Micronesia
1763,Punta Arenas,Chile
100004284,Puerto Quepos,Costa Rica
100004833,Pulau Suanggi,Indonesia
1677,Port Vendres,France
1755,Puerto Vallarta,Mexico
100004690,Provideniya,Russian Federation
100004897,Petrov & Zakatnaya,Russian Federation
100004285,Puerto Williams,Chile
1686,Portland,United States of America
100004460,Porto Santo,Portugal
3004,Pylos,Greece
1768,Qaqortoq (Julianehåb),Greenland
100004288,Qeqertarsuaq,Greenland
100004311,Siracusa (Sicily),Italy
100004289,Qilaqitsoq,Greenland
1771,Qingdao,China
2906,Marmaris,Turkey
1752,Puerto Quetzal,Guatemala
100004538,Quiberon,France
100004565,Trollfjorden,Norway
100004923,Rabaul,Papua New Guinea
100004956,Kosrae,Fed States of Micronesia
100004291,Ramea Islands,Canada
3005,Rangiroa,French Polynesia
1794,Rarotonga,Cook Islands
1805,Ravenna,Italy
100004451,Rabat,Morocco
100004295,Robinson Crusoe Island,Chile
100004499,RACE 1,At sea
100004500,RACE 2,At sea
100004502,RACE 3,At sea
100004503,RACE 4,At sea
100004504,RACE 5,At sea
1822,Richards Bay,South Africa
100004677,Resolute,Canada
1806,Recife,Brazil
1815,Reykjavik,Iceland
100004415,Rethymnon (Island of Crete),Greece
1785,Raiatea,French Polynesia
100004364,Yangon,Myanmar (former Burma)
1816,Rhodes,Greece
100004294,Rio Grande do Sul,Brazil
1830,Rio de Janeiro,Brazil
1826,Riga,Latvia
100003939,Rostock,Germany
100003297,Rimini,Italy
100004053,Cork (Ringaskiddy),Ireland
100003088,Ronne,Denmark
100004732,Rano Island,Vanuatu
3008,Roatan Island,Honduras
100004459,Romblon Island,Philippines
1860,Roseau,Dominica
100004204,Los Roques,Venezuela
100004659,Koror,Palau
1863,Rosyth (Edinburgh),United Kingdom
100004296,Rouen,France
100004297,Rovinj,Croatia
100004315,Sorrento,Italy
1864,Rotterdam,Netherlands
100004298,Isle of Rum,United Kingdom
100004267,Pointe des Galets,Reunion
100004299,"Avera Bay (Rurutu, Austral Islands)",French Polynesia
100004742,Motu Vaiamanu Raivavae (Austral Islands),French Polynesia
100004290,"Mahanatoa, Raivavae (Austral Islands)",French Polynesia
100004551,Santo Antonio,Sao Tome and Principe
100004624,Saba,Netherlands Antilles
3097,Scarborough,Trinidad and Tobago
100003552,St Anthony (Newfoundland),Canada
1874,Safaga (Luxor),Egypt
1875,Safi,Morocco
100004444,Sakaiminato,Japan
1901,Salerno,Italy
10005883,Salem (Massachusetts),United States of America
1920,"San Diego, California",United States of America
100004386,Sao Francisco do Sul,Brazil
3014,Saipan,Northern Marianas
100004090,Cruise/Explore Saglek Fjord,Canada
100003068,Sarande,Albania
1960,Santos,Brazil
100004305,Saunders Island,Falkland Islands (Malvinas)
3029,Savannah,United States of America
100004510,Sanary,France
3022,Santa Barbara,United States of America
100004587,Sabang,Indonesia
100003313,"Gustavia, St. Barthelemy",French West Indies
100004368,Sibenik,Croatia
3019,San Blas Islands,Panama
100004300,San Sebastian (La Gomera),Spain
2333,Valparaiso,Chile
100004416,SCORPIO ISLAND,Greece
100004092,Cruise/Explore Baja Magdalena,Mexico
100004826,"San Cristóbal, San Cristóbal",Ecuador
100004979,Ship Cove,New Zealand
100004308,Sendai,Japan
1938,Sandakan (Sabah),Malaysia
100003530,Santo Domingo,Dominican Republic
100003052,Samana,Dominican Republic
100004841,"Sangliat Dol Village, Yamdena Island",Indonesia
1984,Seattle (Washington),United States of America
100004650,Sept-Iles,Canada
100004307,Sea Lion Island (Falklands),Falkland Islands (Malvinas)
1953,Santander,Spain
1999,Sevastopol,Ukraine
2676,"Seward (Anchorage, Alaska)",United States of America
2003,Seydisfjordur,Iceland
100004212,Mahe,Seychelles
100004323,Staffa,United Kingdom
100004173,Kangerlussuaq,Greenland
3021,San Francisco (California),United States of America
100004316,South Georgia,Georgia & Sandwich islands
3054,St George's,Bermuda
100004806,Selvagem Grande Island,Portugal
100004148,Ho Chi Minh City,Vietnam
3032,Semarang (Gateway for Borobodur),Indonesia
2052,Skagway (Alaska),United States of America
2006,Shanghai,China
100004443,Shimonoseki,Japan
3056,St Helier,Jersey
100004857,Shantar Islands,Russian Federation
100004309,Shuwaikh,Kuwait
100004306,SCOTIA SEA,At sea
100003311,Sihanoukville,Cambodia
100004870,Semidi,United States of America
100004310,Silhouette,Seychelles
2039,Singapore,
2040,Sinop,Turkey
2427,Yalta,Ukraine
100004703,Shumshu Island,Russian Federation
100004312,Sisimiut,Greenland
2046,Sitka (Alaska),United States of America
298,Cabo San Lucas (Bahia California Sur),Mexico
100003967,St John,United States Virgin Islands
1927,San Juan,United States of America
2051,Skagen,Denmark
2223,Thessaloniki,Greece
100004605,Skomer Island,United Kingdom
100004314,Skjoldungen,Greenland
100004313,Skarsvag (Nordkapp),Norway
1893,Salalah,Oman
100003119,Castries (St. Lucia),"St Lucia, West Indies"
1894,Salaverry,Peru
100004915,"Satawal, Yap",Fed States of Micronesia
100004877,St.Matthew Island (Alaska),United States of America
100004904,"Semporna, Malaysia",Malaysia
1949,Santa Marta,Colombia
100004819,San Antonio,Spain
100004876,St. Paul Island (Alaska),United States of America
1958,Santo Tomas,Guatemala
2066,Sochi,Russian Federation
100003005,Soufrière,"St Lucia, West Indies"
590,Flåm,Norway
100004597,Soller de Mallorca,Spain
100004914,"Sorol, Yap",Fed States of Micronesia
100004301,Sao Tome,Sao Tome and Principe
2083,Southampton,United Kingdom
1655,Port of Spain,Trinidad and Tobago
100004327,Supe,Peru
100004509,Port Stephens,Australia
100004848,Sipadan Island,Malaysia
2085,Split,Croatia
100004318,Spanish Town (Tour Drop Off),British Virgin Islands
100004319,Spanish Town,British Virgin Islands
100004302,Saqqaq,Greenland
100004317,South Orkneys,Georgia & Sandwich islands
100004303,Sark Island,United Kingdom
1906,Salvador de Bahia,Brazil
2010,Sharm el Sheik,Egypt
100004965,Asau,Samoa Islands
100004304,Sassnitz,Germany
100003448,Santa Cruz de La Palma (Canary Islands),Spain
100004325,Stewart Island,New Zealand
3055,St Helena,
1954,Santarém,Brazil
2123,Stockholm,Sweden
100004326,Stromness,United Kingdom
100004452,St Eustatius,Netherlands Antilles
100004648,Surabaya,Indonesia
2143,Suez Canal Transit,Egypt
100004076,Cruise Surtsey,Iceland
100004570,Sousse,Tunisia
2157,Suva,Fiji
100003573,Suez,Egypt
2115,Stavanger,Norway
100003989,Cruise/Explore Svalbard,Norway
100004604,St. David's,United Kingdom
100004795,Savusavu (Vanua Levu),Fiji
100004328,Svolvaer,Norway
100004813,St Mary's (Isles of Scilly),United Kingdom
100004966,Suwarrow,Cook Islands
2162,Sydney,Australia
100004329,Sylt,Germany
100003578,Symi,Greece
2127,Stornoway (Isle of Lewis),United Kingdom
100003969,Szczecin,Poland
100004801,Bohol,Philippines
100004733,Tanna,Vanuatu
2174,Takoradi,Ghana
2186,Tangier,Morocco
2193,Giardini Naxos (Sicily),Italy
2198,Tarragona,Spain
2199,Tartus,Syrian Arab Republic
10005872,Tual,Indonesia
100004336,Tobermory,United Kingdom
100004447,Tobruk,Libya
3089,Santa Cruz de Tenerife,Spain
100004340,Tristan da Cunha,St Helena
100004725,Tufi,Papua New Guinea
100004341,Trogir,Croatia
3092,Tórshavn (Faroe Islands),Faeroe Islands
100004322,St. Thomas,United States Virgin Islands
100004332,Thursday Island,Australia
100004901,Taketomi Island,Japan
100004947,Tikopia,Solomon Islands
100004197,London (Tilbury),United Kingdom
3094,Tinos,Greece
100004718,Tinian,Northern Marianas
100004710,Tyuleniy Island,Russian Federation
100004653,Trujillo,Honduras
100004968,Tarakan,Indonesia
100004334,Tikihau,French Polynesia
100004728,Tulagi,Solomon Islands
2178,Tallinn,Estonia
100004344,Tulum,Mexico
2257,Toulon,France
100004343,Tulear,Madagascar
100004579,Bali (Tanah Ampo),Indonesia
100004335,Toamasina,Madagascar
100004662,Tortel,Chile
2274,Tromsø,Norway
3099,Road Town,British Virgin Islands
3086,Tampa,United States of America
2249,Topolobampo,Mexico
3101,Trapani,Italy
2261,Trabzon,Turkey
2275,Trondheim (Trondelag),Norway
100004339,Treshnish Isles,United Kingdom
2202,Tauranga,New Zealand
2268,Trieste,Italy
100004714,Torishima,Japan
2270,Tripoli,Libya
100004745,Trois-Rivieres,Canada
100004851,Turtle Islands National Park,Malaysia
100004338,Tresco,United Kingdom
100004905,Tun Sarakan Marine Park,Malaysia
100004333,Tianjin (Beijing),China
2258,Townsville,Australia
100004941,The Snares,New Zealand
100004924,Tatau Island,Papua New Guinea
100004906,Ternate,Indonesia
100004342,Mataura,French Polynesia
100004686,Tuktoyaktuk,Canada
2286,Tunis,Tunisia
2289,Turku,Finland
2290,Tuticorin,India
1156,Travemunde,Germany
100004607,Tvoroyri,Faeroe Islands
100004345,Twillingate,Canada
100004847,"Tawau, Sabah",Malaysia
100004893,Tymlat (Kamchatka),Russian Federation
2243,Tokyo,Japan
100004347,Ulvik,Norway
100004609,Uunartoq Island,Greenland
100004668,Utria National Park (Nuqui Harbour),Colombia
100004667,Uramba National Park,Colombia
100004869,Unga Spit,United States of America
2309,Ushuaia,Argentina
987,Koh Samui,Thailand
100004437,"USTICA, ITALY",Italy
100004948,Utupua Island,Solomon Islands
100004348,Uumannaq,Greenland
100004943,Ulva Island,New Zealand
2316,Vaasa,Finland
2327,Valencia,Spain
2367,Visby (Gotland),Sweden
2345,Venice,Italy
100004803,Coron (Palawan),Philippines
2325,Valdez,United States of America
2478,"Porto-Vecchio, Corsica",France
100004353,Vestmannaeyjar,Iceland
100004670,Vega Archipelago,Norway
2358,Vigo (Galicia),Spain
100004557,Ad Dakhla,Morocco
100004356,Villefranche,France
100004357,Visakhapatnam,India
100004279,Prickly Pear (Virgin Gorda),British Virgin Islands
100004399,Vis,Croatia
2368,Vitoria,Brazil
100004355,Vigur Island,Iceland
100004892,Verkhoturov Island,Russian Federation
1679,Port Vila,Vanuatu
3116,Vancouver,Canada
2372,Volos,Greece
100004352,Vestmanna (Faroe Islands),Faeroe Islands
3121,Vladivostok,Russian Federation
2389,Waterford,Ireland
2394,Wellington,New Zealand
100004359,Wewak,Papua New Guinea
100004980,Whangaroa,New Zealand
100004362,Willis Islets,Australia
100004969,"Waikelo, West Sumba",Indonesia
100004617,Walrus Island,Canada
100004933,White Island,New Zealand
100004358,West Point Island,Falkland Islands (Malvinas)
100004363,Wrangell,United States of America
2383,Walvis Bay,Namibia
100004844,Wyndham,Australia
395,Christmas Island,Kiribati
2424,Xiamen,China
300,Cádiz,Spain
100004861,Yamskie Islands & Cape japon,Russian Federation
100005003,Yanaba Island,Papua New Guinea
100004949,Yap,Fed States of Micronesia
100004589,Saguenay (Quebec),Canada
100004681,Cambridge Bay,Canada
100004159,Iqaluit (Nunavut),Canada
100004067,"Îles-de-la-Madeleine, Quebec",Canada
100004679,Gjoa Haven,Canada
2804,Halifax,Canada
100004708,Yankicha Island,Russian Federation
434,Corner Brook (Newfoundland),Canada
100004881,Yanrakynnot,Russian Federation
2439,Yokohama (Tokyo),Japan
100004483,Yorktown,United States of America
1713,Prince Rupert (British Columbia),Canada
1775,Quebec City,Canada
3080,Sydney (Nova Scotia),Canada
100004839,York Island,Australia
100004685,Smoking Hills (Northwest Territories),Canada
100003314,Saint John,Canada
100004684,"Sachs Harbour, Northwest Territories",Canada
100004882,Yttygran Island,Russian Federation
374,Charlottetown (Prince Edward Island),Canada
2355,Victoria,Canada
100004618,Churchill,Canada
2101,St John's (Newfoundland),Canada
2444,Zadar,Croatia
100004890,Preobrazheniya & Achen Lagoon,Russian Federation
2448,Zanzibar,Tanzania
100004860,Talan Island & Zavyalov Island,Russian Federation
2450,Zeebrugge,Belgium
100004394,Zhangjiagang,China
100002980,Zihuatanejo,Mexico
1208,Manzanillo,Mexico
100004701,Zupanova River,Russian Federation
3134,Zakynthos,Greece
3125,Warnemunde (Rostock),Germany
100004997,Carambola Beach Resort,St Kitts and Nevis
100005057,Corinth Canal Transit,Greece
100004992,Cayo Lavantado,Dominican Republic
100004773,Cruise Peter Island at Sunset,British Virgin Islands
100005008,Deka Deka Island,Papua New Guinea
100005011,Glubokaya Bay,Russian Federation
100004984,Ijmuiden (Amsterdam),Netherlands
100004995,Kakaban Island,Indonesia
100004782,Lunga,United Kingdom
100004996,Lorino Village,Russian Federation
100005007,Mbike Island,Solomon Islands
100005004,Maré Island,New Caledonia
100005010,Myrina,Greece
100004991,Naturalist Island,Australia
100004822,"Nanaimo, British Columbia",Canada
100004990,"Princess Cay, Eleuthera",Bahamas
100005009,Paradise Lagoon,Vanuatu
100005001,Panapompom Island,Papua New Guinea
100005006,Roderick Bay,Solomon Islands
100004994,Souda Bay (Crete),Greece
100004515,Samarai,Papua New Guinea
100004993,Vanimo,Papua New Guinea
100005068,Alert Bay,Canada
100005074,Aomori,Japan
100005058,Cruise Esther Passage,United States of America
100005073,Cruise Frederick Sound,United States of America
100005065,Cruise Wrangell Narrows,United States of America
100005069,Cruise Johnstone Strait,Canada
100005062,Cruise Point Adolphus,United States of America
100005060,Elfin Cove,United States of America
100005072,Endicott Arm,United States of America
100005079,Hagi,Japan
100005066,Haida Gwaii,Canada
100005061,Inian Islands,United States of America
100005077,Pohang,"Korea, Republic of"
100005080,Miyajima Island,Japan
100005075,Noshiro,Japan
100005081,Okayama,Japan
100005064,Petersburg,United States of America
100005070,"Rudyerd Bay, Misty Fjords",United States of America
100005076,Sado Island,Japan
100005063,Sail Island,United States of America
100004599,Takamatsu,Japan
100005078,Ulsan,"Korea, Republic of"
100005071,Walker Cove,United States of America
100005059,Yakutat,United States of America
100005067,Klemtu,Canada
100005125,Teluk Alyui,Indonesia
100005126,Pulau Wayag,Indonesia
100004741,"Moto Iriru, Raiatea",French Polynesia
100005084,"Avonmouth, England",United Kingdom
100005050,Cesme,Turkey
100005086,Cruise NordFjord,Norway
100005052,Castellon,Spain
100005022,Rab,Croatia
100005023,Rijeka,Croatia
100005088,Rockland,United States of America
100005045,Roses,Spain
100005085,Shimizu,Japan
100005087,"Summerside, Prince Edward Island",Canada
100004518,Ullapool,United Kingdom
100004409,Wismar,Germany
100005221,Aldabra,Seychelles
100005168,Adele Island,New Zealand
100005196,Atka Island,United States of America
100005206,Bawal Island,Indonesia
100005229,Bogoslav Island,Russian Federation
100005199,Bathurst Island,Australia
100005205,Badas Islands,Indonesia
100005127,Balikpapan,Indonesia
100005191,Castle Bay (Alaska),United States of America
100005147,Cape Dyer,Canada
100004643,Cruise English Narrows,Chile
100005135,Chapoma Village,Russian Federation
100005187,Chichi-jima,Japan
100005194,Chagulak Island,United States of America
100005167,Cumberland Peninsula,Canada
100005174,"Colonia, Yap",Fed States of Micronesia
100005214,Elephant Beach,India
100005151,Evighedsfjord,Greenland
100005155,Fogo Island,Canada
100005157,Fox Harbour,Canada
100005184,Eicho Island,Australia
100005143,Gibbs Fjord (Nunavut),Canada
100005130,Gjesværstappan Islands,Norway
100004780,Galle,Sri Lanka
100005129,Gough Island,St Helena
100005220,Hithadhoo,Maldives
100005146,Isabella Bay (Nunavut),Canada
100005223,Ibo Island,Mozambique
100005156,Ingonish,Canada
100005139,Ittoqqortoormiit,Greenland
100005158,Inverness,Canada
100005200,Kabaena,Indonesia
100005218,Kuda Bandos,Maldives
100005150,Kangaamiut,Greenland
100005153,Kangiqsualujjuaq,Canada
100005138,Kirkenes,Norway
100005224,Kilwa Kisiwani,Tanzania
100005204,Kumai (Gateway for Camp Leakey),Indonesia
100005209,Ko Similan,Thailand
100005132,Kanin Peninsula,Russian Federation
100005210,Ko Phra Tong,Thailand
100005208,Ko Tarutao (Tarutao Marine Park),Thailand
100005211,Kawthaung,Myanmar (former Burma)
100005095,Lizard Island,Australia
100005159,Machala,Ecuador
100005212,Mergui Archipelago,Myanmar (former Burma)
100005219,Maalhaveli,Maldives
100005186,Maug Islands,Northern Marianas
100005141,Milne Inlet,Canada
100005137,Morzhovets Island,Russian Federation
100005222,Island of Mozambique,Mozambique
100005142,Navy Board Inlet,Canada
100005175,Ngerekebesang Island,Palau
100005213,Neil Island,India
100005170,New Plymouth,New Zealand
100005173,Mono Island,Solomon Islands
100005179,Pulau Gorong,Indonesia
100005202,Pasuruan,Indonesia
10006284,Pulau Momon,Indonesia
100005172,Pirumeri Island,Solomon Islands
100005178,Pulau Ayu,Indonesia
100005134,Pyalitsa Village,Russian Federation
100005169,Resolution Bay,New Zealand
100005154,Red Bay,Canada
100005216,Ross Island,India
100005197,Ribbon Reefs,Australia
100005215,South Cinque Island,India
100005131,Sem Islands,Russian Federation
100005144,Sam Ford Fjord (Nunavut),Canada
100005195,Seguam Island (Alaska),United States of America
100005133,Shoyna Village,Russian Federation
100005177,Sorong,Indonesia
100005128,Steeple Jason Island,Falkland Islands (Malvinas)
100005181,Selaru Island,Indonesia
100005203,Sumenep,Indonesia
100005176,Sonsorol Island,Palau
100005198,Seven Spirit Bay,Australia
100005160,Cruise Storfjord and Sunnylvsfjord,Norway
100005193,Shearwater,Canada
100005188,Tori-shima,Japan
100005201,Tanjung Wangi,Indonesia
100005171,Uepi Island,Solomon Islands
100005185,Ulithi Atoll,Fed States of Micronesia
100005140,Upernavik (Avannaata),Greenland
100005190,Unga Village,United States of America
100005192,Uyak Bay,United States of America
100005183,Victoria Settlement,Australia
100005180,Watubela Archipelago,Indonesia
100005182,Wurrumiyanga,Australia
100005217,Kirinda,Sri Lanka
100005136,Zayatski Island,Russian Federation
100004983,Fanna & Sonsorol Islands,Palau
100005233,Ko Adang,Thailand
100005234,Ko Rawi,Thailand
100005038,Syros,Greece
100005152,"Resolution Island, Nunavut",Canada
100005089,Le Marin,Martinique
100005207,Tioman Island,Malaysia
100005353,Cruise Cape Helles,Turkey
100005014,Lamotrek,Fed States of Micronesia
10005690,Sabtang,Philippines
100005355,Woleai Island,Fed States of Micronesia
100005354,Njari Island,Solomon Islands
100005366,Aniwa Island,Vanuatu
100005368,Rainbow Reef,Fiji
100005367,"Somosomo, Taveuni",Fiji
100005369,"Vanua Balavu, Lau Islands",Fiji
100005370,El Eden (Santa Cruz),Ecuador
100005371,Celukan Bawang (Bali),Indonesia
100005289,Gisborne,New Zealand
100005340,Sir Bani Yas,United Arab Emirates
100005328,Sevilla,Spain
100005375,Banda Aceh,Indonesia
100004572,Cruising Doubtful Sound,New Zealand
100005379,Frost Island,Myanmar (former Burma)
100005374,Belawan,Indonesia
100005376,Hastings Island,Myanmar (former Burma)
100005380,Henry Lawrence Island,India
100005381,Inglis Island,India
100005384,Jackson Bay,New Zealand
100005385,Kyunn Mee Gee,Myanmar (former Burma)
100005378,Kyunn Phi Lar,Myanmar (former Burma)
100005377,Kyunn Tann Shey,Myanmar (former Burma)
100005382,Paihia,New Zealand
100005383,Tarakohe,New Zealand
100005373,Wofoh Island,Indonesia
100005386,Alyui Bay,Indonesia
10005391,Imatra Bay,Russian Federation
10005393,"Pavel Bay, Natalii Bay",Russian Federation
10005392,Uznaya Bay,Russian Federation
10005394,Saint Andrew's by the Sea,Canada
100005387,Fredericia,Denmark
100005389,Ilhabela,Brazil
100004593,Liverpool,United Kingdom
1062,La Spezia,Italy
100005300,Bodø,Norway
100005388,Punta Cana,Dominican Republic
100004981,Porto Torres,Italy
100005106,Woody Point,Canada
10005417,Anano Island,Indonesia
10005451,Pulau Ai,Indonesia
10005416,Anak Krakatoa,Indonesia
100005299,Arendal,Norway
10005441,"Aghiyuk Island, Semedi Islands",United States of America
10005415,Cruise British Columbia Inside Passage,Canada
10005403,Cruise by Stac an Armin,United Kingdom
10005404,Cruise Bass Rock,United Kingdom
10005442,Baby Islands,United States of America
10005437,Bodulan Islands,Papua New Guinea
10005419,Belitung Islands,Indonesia
10005418,Bawemataluwo,Indonesia
10005395,Strait of Canso,Canada
10005428,Kolkata,India
10005410,Chittagong,Bangladesh
10005409,Charaputia,Bangladesh
100005231,Edgartown,United States of America
10005406,Flatey Island,Iceland
10005436,Uligamu Island,Maldives
100004723,Garove Island,Papua New Guinea
10005454,Hanifaru Bay,Maldives
10005443,High Island,United States of America
10005412,Hiron Point,Bangladesh
10005411,Harbaria,Bangladesh
10005408,Isle of May,United Kingdom
10005440,St.Joseph Atoll,Seychelles
10005431,Vizhinjam,India
10005420,Kokoila Island,Indonesia
10005413,Kokilmoni,Bangladesh
10005426,Ujung Kulon National Park,Indonesia
10005407,Latrabjarg Cliffs,Iceland
10005435,Olhugiri,Maldives
10005455,La Possession,Reunion
10005414,Maheskali,Bangladesh
10005450,Makura Island,Vanuatu
10005433,"Ampangorinana, Nosy Komba",Madagascar
100005226,Nosy Mangabe,Madagascar
10005453,Nosy Hara,Madagascar
10005421,Lomblem Reef,Indonesia
10005423,Padang (Sumatra),Indonesia
10005427,Garden Reach(Pilot Station),India
10005430,Sand Heads Pilot Station,India
10005429,Sagar Point(Pilot Station),India
10005449,Pavuvu Island,Solomon Islands
10005439,Aride Island,Seychelles
10005444,King Island,United States of America
10005446,"St George Island, Pribalof Islands",United States of America
10005438,Utashud Island,Russian Federation
100004422,Siglufjordur,Iceland
10005402,Port-en-Bessin,France
10005405,Saltee Islands,Ireland
10005425,"Simeulue Islands, Sumatra",Indonesia
10005397,Torngat Mountains National Park,Canada
100005227,Tampolo (Masoala National Park),Madagascar
10005452,Triton Bay,Indonesia
10005432,Trincomalee,Sri Lanka
10005447,The Triplets,United States of America
10005448,Unga Island,United States of America
10005424,Pulau Weh,Indonesia
10005434,Maroantsetra,Madagascar
100005232,Wilmington,United States of America
100005267,Bau-Bau,Indonesia
10005422,Nara Bay,Indonesia
10005456,Savoonga,United States of America
100004630,Cruise Beagle Channel & Glacier Avenue,Chile
100004945,Kaiteriteri (Abel Tasman Nat Park),New Zealand
100004644,Cruise Chilean Fjords,Chile
100005113,Fogo,Cape Verde
10005457,Champion Islet (Floreana),Ecuador
10005458,Kuiawa Island,Papua New Guinea
10005459,Astonomer Point,New Zealand
10005463,Fagamalo Bay,Samoa Islands
10005470,"Santa Manza, Corsica",France
10005472,Dvorovaya Bay,Russian Federation
10005471,Teriberka Bay,Russian Federation
10005478,Cabaceira,Mozambique
10005480,Jaco Island,East Timor
10005482,Aulitivik Island,Canada
10005484,Blacklead Island,Canada
100005145,Clyde River,Canada
10005483,Padloping Island,Canada
10005481,Sermelik Glacier,Canada
10005486,Lumanhlile Island,Solomon Islands
10005485,Caswel Tower,Canada
100004557,Dakhla,Morocco
10005487,"Cape St.Elias (Kayak Island, Alaska)",United States of America
10005489,Sergius Narrows,United States of America
10005488,Icy Bay,United States of America
10005490,Yenwapunor,Indonesia
1587,Porbandar,India
10005462,Cape Kuyveveem,Russian Federation
10005474,Proliv Senyavina (Hot Springs),Russian Federation
10005497,Kepulaunan Bada,Indonesia
10005496,Miyake-Jima,Japan
10005499,Bangor,United Kingdom
100005097,Phillip Island,Australia
3128,Whitsunday Islands,Australia
10005494,Kinsale,Ireland
10005508,Daphne Major,Ecuador
10005507,"Santa Cruz, Las Bachas",Ecuador
10005509,Kicker Rock,Ecuador
10005503,Currimao,Philippines
100004804,Sual (Hundred Islands),Philippines
10005504,PengHu,China
100005117,Sanya,China
10005501,Shenzhen,China
10005505,Tai Chung,China
10005511,Myako Jima,Japan
10005506,Miyazaki,Japan
10005530,Kho Yinn Kwla Island,Myanmar (former Burma)
10005531,Kyet Mau Island,Myanmar (former Burma)
10005527,"North Lampi, Merqui Archipelago",Myanmar (former Burma)
10005526,Myauk Phyu,Myanmar (former Burma)
10005528,Bo Cho Island,Myanmar (former Burma)
10005529,Shark Island,Myanmar (former Burma)
10005517,Antarctic Sound,Antarctica
10005518,Antarctic Peninsula,Antarctica
10005519,South Shetland Islands,Antarctica
10005512,Svalbard Southern Region,Norway
10005513,Svalbard Northern Region,Norway
10005461,Mainapilgino Village,Russian Federation
10005476,Tolandono,Indonesia
100005026,Bandol,France
10005536,Svalbard : Spitsbergen Island,Norway
10005537,Svalbard : Hinlopen Strait,Norway
10005538,Svalbard: Nordauslandet,Norway
10005539,Svalbard: Kvitoya  &  Storoya,Norway
10005540,Svalbard: Barentsoya and Edoya,Norway
10005535,North Cinque Island,India
10005534,Ko Surin Tai,Thailand
10005390,Ptichiy Islands,Russian Federation
10005495,Borgholm,Sweden
100004669,Bronnoysund,Norway
100005276,Ithaca,Greece
100005245,Kemi,Finland
100004127,La Savina,Spain
10005548,Otranto,Italy
100004561,"Triple Island, Canada",Canada
100004562,Seymour Narrows (British Columbia),Canada
100004563,Pine Island (New Caledonia),Canada
100005315,Sur,Oman
100004464,Sundsvall,Sweden
10005523,Tadoussac,Canada
100004654,Almeria,Spain
10005696,Vastervik,Sweden
100005055,Opatija (Kvarner Bay),Croatia
100005043,Piran,Slovenia
100005054,Spetses,Greece
10005514,"King George River (Kimberley, Western Australia)",Australia
10005515,Hunter River Region (Western Australia),Australia
10005516,Buccaneer Archipelago Region,Australia
100005092,Airlie Beach,Australia
100005098,Bimini,Bahamas
10005677,Antisiranana,Madagascar
10005572,Alberto De Agostini National Park,Chile
10005602,"Anacortes, WA",United States of America
10005578,Atiu,Cook Islands
10005676,Andavadoaka,Madagascar
10005633,Aiduma Island,Indonesia
10005542,Aberdeen,Sierra Leone
10005675,Ambohitralanana,Madagascar
10005674,Alim Island,Papua New Guinea
100005228,Ambodifotatra,Madagascar
100005288,Amami Oshima,Japan
10005661,Alphonse Island,Seychelles
10005649,Apo Reef,Philippines
100005323,Acajutla,El Salvador
10005634,Auri Islands (Cenderawasih Bay),Indonesia
10005573,Ainsworth Bay,Chile
10005650,Balicasag Island,Philippines
10005635,"Batu Islands , Sumatra",Indonesia
10005678,Belo Sur Mer,Madagascar
10005566,Buchan Gulf,Canada
10005629,Beypore,India
100004066,Cruise Isla Lobos de Tierra,Peru
10005644,"Cat Ba Island, Ha Long  Bay",Vietnam
10005616,"Santa Cruz Island, CA",United States of America
10005657,"San Luis, Capul Island",Philippines
10005579,Corcovado National Park,Costa Rica
10005398,Cienfuegos,Cuba
10005630,"Cheriyam, Lakshadweep Islands",India
100004638,Corinto,Nicaragua
10005553,Clare Island,Ireland
10005662,Cosmoledo,Seychelles
10005580,Curu National Park,Costa Rica
10005645,Con Son,Vietnam
10005647,Cu Mong Lagoon,Vietnam
10005652,Cagayan de Oro,Philippines
10005605,"Cypress Island, WA",United States of America
10005547,Douarnenez,France
10005653,Donsol,Philippines
10005624,Dunk Island,Australia
10005603,"Cruise Stephens Passage, Alaska",United States of America
10005595,Expedition De Long Islands,Russian Federation
10005609,Icy Bay,United States of America
10005604,Cruise the Columbia River,United States of America
10005646,"Cruise the Tien River, Mekong Delta",Vietnam
10005643,"Cai Be, Tien River",Vietnam
10005685,Expedition Cargados Bank,Mauritius
10005606,"Eureka, CA",United States of America
10005569,Ellesmere island,Canada
10005601,Uelen Village,Russian Federation
10005555,Eyemouth,United Kingdom
10005607,"Friday Harbour, San Juan Island, WA",United States of America
10005543,Joal Fadiouth,Senegal
10005636,Ende Flores,Indonesia
10005663,Farquhar,Seychelles
10005577,Isla Salas y Gomez,Chile
10005574,"Ganges, Salt Spring Island, BC",Canada
10005564,Gjesvaerstappan Islands,Norway
10005399,La Havana,Cuba
10005575,"Heriot Bay, Quadra Island, BC",Canada
10005608,"Hood River, OR",United States of America
10005712,Heron Island,Australia
100005265,Hull,United Kingdom
10005592,Isla Guanape,Peru
10005689,Ile Aux nattes,Madagascar
10005588,Isla Partida,Mexico
10005590,Isla San Pedro,Mexico
10005589,Isla San Fransisco,Mexico
10005591,San Estaban,Mexico
10005581,Isla Tortugas,Costa Rica
10005582,Bahia de Jiquilisco,El Salvador
10005557,John O' Groats,United Kingdom
10005673,Kafure,Papua New Guinea
10005638,Kai Archipelago,Indonesia
10005552,"Kilronan, Aaran Islands",Ireland
10005619,Niigata,Japan
10005628,Kong Kampot,Cambodia
10005570,Kimmirut (Lake Harbour),Canada
10005550,"Knightstown, Valentia Islands",Ireland
10005669,Ko Panyi,Thailand
10005665,Karumolun Island,Solomon Islands
10005627,Koah Rong Sanloem,Cambodia
10005545,Laayoune,Morocco
10005666,"Lumalihe Island, Marove Lagoon",Solomon Islands
10005654,Limasawa Island,Philippines
10005611,"Lopez Island, WA",United States of America
10005655,"Mambajao, Camigiun Island",Philippines
10005586,Malden Island,Kiribati
10005584,Marotiri Islands,French Polynesia
10005554,Mallaig,United Kingdom
10005631,"Minicoy, Lakswadeep Islands",India
10005679,Mananara,Madagascar
10005551,Cliffs of Moher,Ireland
10005680,Morondava,Madagascar
10005648,Dong My,Vietnam
10005686,Myeil,Myanmar (former Burma)
10005710,"Mystery Island, Anelghowhat",Vanuatu
10005622,Maizuru,Japan
10005651,Batan Island,Philippines
10005670,Phang Nga Bay,Thailand
10005681,Nosy Hao,Madagascar
10005559,Norfjord and Melfjord,Norway
10005626,Nathan Reef,Australia
10005620,Oki Island,Japan
10005593,Oeno Island,Pitcairn Island
10005576,"Otter Bay, North Pender Island, BC",Canada
10005612,"Olympia, WA",United States of America
10005614,"Port Angeles, WA",United States of America
10005682,Pulau Sibu,Malaysia
1687,Portland,United States of America
10005639,"Pulau Roon, Cenderawasih Bay",Indonesia
10005632,Perumal Par Reef,India
10005640,Pudaidori Island,Indonesia
10005565,Qassiarsuk,Greenland
100005122,Quepos,Costa Rica
10005556,Ramsgate,United Kingdom
10005563,"Reine, Lofotel Islands",Norway
10005599,Ruskaya Bay,Russian Federation
10005546,Ribadessella,Spain
10005615,"Rainier, Oregon",United States of America
100004292,Rapa Austral Islands,French Polynesia
10005683,Rawa Island,Malaysia
10005668,Saldanha,South Africa
10005571,Sable Island,Canada
10005658,Sohoton Bay,Philippines
10005567,"Sirmilik National Park, Bylot Island",Canada
10005400,Santiago de Cuba,Cuba
10005585,South Sandwich Islands,Georgia & Sandwich islands
10005549,Skellig Islands,Ireland
10005660,"Vigan, Salomague Port",Philippines
10005544,Saly,Senegal
10005642,"Suimeuliu Islands, Sumatra",Indonesia
10005641,Seba Savu,Indonesia
10005587,Starbuck Island,Kiribati
10005617,"Stevenson, WA",United States of America
10005656,"San Fernando, Sibuyan Island",Philippines
10005460,Severozapadniy Cape,Russian Federation
10005659,Tica Island,Philippines
10005623,Ilha dos Tigres,Angola
10005541,Tokeh,Sierra Leone
10005473,Tintikyn Lagoon,Russian Federation
10005672,Tsoi Island,Papua New Guinea
10005621,Tsushima,Japan
100004724,Tuam Island,Papua New Guinea
10005558,Tysfjord,Norway
10005583,La Union,El Salvador
10005562,"Vaeroy Island, Lofoten Islands",Norway
10005684,Vangaaru,Maldives
10005560,Cruise vistenfjord,Norway
10005561,Visten National Park,Norway
10005667,Vona Vona Lagoon,Solomon Islands
10005697,Kolyuchin Bay,Russian Federation
10005698,Kolyuchin Island,Russian Federation
10005699,Ayon Island,Russian Federation
10005700,Medvezhiy Islands,Russian Federation
10005701,Dmitry Laptev Strait,Russian Federation
10005702,Lyakhovsky Island,Russian Federation
10005703,Ice Edge Cruising,At sea
10005704,Wrangel Island (Ushakova Cape),Russian Federation
10005705,"Cape Florens, Wrangell Island",Russian Federation
10005706,"Cape Blossom, Wrangel Island",Russian Federation
10005707,"Krasin Bay, Wrangell Island",Russian Federation
10005708,"Cape Waring, Wrangel Island",Russian Federation
10005401,Punta Frances,Cuba
10005709,"Anelghowhat, Aneityum Island",Vanuatu
10005671,Pentecost Island,Vanuatu
10005568,Devon Island (Radstock Bay),Canada
100005290,Qui Nhon,Vietnam
100005238,Le Havre,France
10005715,Elcho Island (Banthula),Australia
10005714,Shelikova Bay,Russian Federation
10005716,Great Keppel Island,Australia
10005717,Wistari Reef,Australia
100004387,Baddeck,Canada
10005719,Achao,Chile
100005036,Samos,Greece
100004986,Santa Margherita Ligure,Italy
10005721,"Coos Bay, OR",United States of America
10005722,"Tacoma, WA",United States of America
10005725,"Basse Terre, Guadeloupe",French West Indies
10005726,Nakagusuku,Japan
10005728,Jacquinot Bay,Papua New Guinea
10005732,Granville,France
10005733,Mongla Port,Bangladesh
100005296,"Scrabster, Scotland",United Kingdom
10005786,Matsuyama,Japan
10005791,Hiri Island,Indonesia
10005792,Morotai Island,Indonesia
10005790,Tidore Island,Indonesia
10005754,Cobia,Fiji
10005734,"Falmouth, English Harbour",Antigua and Barbuda
100004418,Marie Galante,French West Indies
10005788,"Little Bay, Montserrat",Montserrat
10005755,Ringgold Isles,Fiji
10005763,Sokcho,"Korea, Republic of"
10005789,Sasebo,Japan
10005764,Tingwon,Papua New Guinea
10005751,Nuku Island,Tonga
10005752,Uoleva Island,Tonga
100005248,Yasawa,Fiji
10005753,Beveridge Reef,Niue
10005809,Lovuski Rocks,Russian Federation
10005797,Bazaruto Island,Mozambique
10005804,Expedition Kaladan River,Bangladesh
10005806,Expedition Sundarbans Reserve,Bangladesh
10005796,Inhaca Island,Mozambique
10005807,"Ko Miang, Similian Islands",Thailand
10005801,Murud-Janjira,India
10005802,Ngapali,Myanmar (former Burma)
10005798,Nosy Ve,Madagascar
10005799,"Suheli Island, Lakshadweep Islands",India
10005805,St Martin's Island,Bangladesh
10005800,"Tinnakara, Lakshadweep Islands",India
10005803,Sittwe,Myanmar (former Burma)
10005810,Les Anses d'Arlets,Martinique
10005811,Waisisi (Tanna),Vanuatu
10005819,Icha River,Russian Federation
10005818,Kony Peninsula,Russian Federation
10005816,Talan Island,Russian Federation
10005815,Ushki,Russian Federation
10005814,Yeirineyskaya Bay,Russian Federation
10005817,Zavyalov Island,Russian Federation
10005826,Waterford (Dunmore East),Ireland
10005756,Isla Lobos de Afuera,Peru
10005774,"Akhmatov Gulf, Severnaya Zemlya",Russian Federation
10005771,"The Brothers Islands, Alaska",United States of America
10005744,"Cape Burney, Bylot Island",Canada
10005824,Conception Island,Bahamas
10005823,Harbour Island,Bahamas
10005743,Bowdoin Fjord,Greenland
10005832,Bandar Seri Begawan,Brunei Darussalam
10005757,Isla Del Coco,Costa Rica
10005746,Coburg Island,Canada
10005758,Isla Choros,Chile
10005745,Devon Island,Canada
10005735,Dynjandi Waterfalls,Iceland
10005749,Cruise Alexandra Fjord,Canada
10005766,"Elfin Cove , Alaska",United States of America
10005740,Evigheds Glacier,Greenland
10005760,Cayo Guillermo,Cuba
10005773,"The Haystacks, Alaska",United States of America
10005736,Cruise Old Man of Hoy,United Kingdom
10005768,"Idaho Inlet, Alaska",United States of America
10005821,Isla Pinguino,Argentina
10005828,Saumlaki,Indonesia
10005833,Tarakan,Indonesia
10005737,Klakkeyjar Islands,Iceland
10005738,Langanes Peninsula,Iceland
10005761,Antilla,Cuba
10005827,Lamararap,Indonesia
10005747,Markison Fjord,Canada
10005829,Matakus Island,Indonesia
10005808,Nias Island,Indonesia
100005351,Nendo Island,Solomon Islands
10005782,Bell Island,Russian Federation
10005780,Champ Island,Russian Federation
10005785,Ostrov Gerald,Russian Federation
10005779,Cape Tegetthoff (Hall Island),Russian Federation
10005784,Ostrov Bennetta,Russian Federation
10005783,"Nagurskoye, Alexandra Land",Russian Federation
10005781,Hooker Island,Russian Federation
10005778,Ostrov Oranskiye,Russian Federation
10005776,Ostrov Uyedineniya,Russian Federation
10005777,"Cape Zhelaniya, Novo Zemlya",Russian Federation
10005820,Puerto Deseado,Argentina
10005748,Pim Island,Canada
10005834,Pulau Kakaban,Indonesia
10005793,Pulau Tellang,Indonesia
10005830,Maopara,Indonesia
10005831,Pulau Panau,Indonesia
100004977,Providencia Island,Colombia
10005493,Porto Santo Stefano,Italy
10005772,"Little Pybus Bay, Alaska",United States of America
10005742,Qaanaaq (Thule ),Greenland
10005822,Rio Gallegos,Argentina
10005739,Stykkisholmur,Iceland
10005759,Varadero,Cuba
10005741,"Cape York, Greenland",Greenland
10005825,Colonia Del Sacramento,Uruguay
10005775,Ostrov Isachenko,Russian Federation
10005813,Rakahanga,Cook Islands
10005864,Gopalpur,India
10005837,Cruise Gorda Banks,Mexico
10005838,Expedition San Ignacio Lagoon,Mexico
10005465,"Faiao, Wallis Island",Wallis and Futuna Islands
10005846,"Hanavave, Fatu Hiva",French Polynesia
10005845,"Omoa, Fatu Hiva",French Polynesia
10005851,Kabara Island,Fiji
10005852,Vuaqava Island,Fiji
10005854,Toyota Island,Fiji
10005853,Yanutha Island,Fiji
10005859,Ant Atoll,Fed States of Micronesia
10005849,Mataiva,French Polynesia
10005843,Isla Santa Cruz,Mexico
10005844,Isla San Diego,Mexico
10005841,Isla Los Islotes,Mexico
10005840,Isla Espiritu Santo,Mexico
10005839,Isla Cerralvo,Mexico
10005861,Betio,Kiribati
10005863,Onotoa Atoll,Kiribati
10005862,Nonouti Island,Kiribati
10005842,Puerto Agua Verde,Mexico
10005836,San Jose del Cabo,Mexico
10005860,"Enajet Island, Mili Atoll",Marshall Islands
10005848,"Anaho Bay, Nuku Hiva",French Polynesia
10005847,"Taioha'e, Nuku Hiva",French Polynesia
100004467,Niuatoputapu,Tonga
10005858,Luaniua Island,Solomon Islands
10005857,Sikopo Island,Solomon Islands
10005850,Ovaka,Tonga
10005856,Foa Island,Tonga
10005855,Mounu Island,Tonga
10005865,Parida Island,Panama
100005269,Krakatau,Indonesia
10005867,"Alofitai, Futuna",Wallis and Futuna Islands
10005868,"Pierowall, Westray, Orkney Islands",United Kingdom
10005870,"Pigeon Island, Gros Ilets","St Lucia, West Indies"
10005873,Pulau Nai,Indonesia
100005298,Poole,United Kingdom
10005874,"San Vicente, Luzon",Philippines
10005875,Waterford (Belview),Ireland
100005102,Maceio,Brazil
10005878,Poivre Island,Seychelles
100005321,Milford Haven,United Kingdom
10005879,Portsmouth,United Kingdom
10005881,Rauma,Finland
100005302,Vik,Norway
10005888,"Behm Canal, Alaska",United States of America
10005890,Ketoy Island,Russian Federation
10005887,Kodiak Island (Larsen Bay),United States of America
10005880,Karatsu,Japan
10005883,Salem (Massachusetts),United States of America
10005886,Aburatsu,Japan
10005892,Hososhima,Japan
2234,Timaru,New Zealand
100005249,Dravuni Island,Fiji
10005894,Bluff,New Zealand
100005107,Cayman Brac (Cayman Islands),Cayman Islands
10005893,Pulau Miossu,Indonesia
10005713,Bordeaux / Bassens,France
10005891,Yuzhnaya Glubokaya,Russian Federation
100005364,"Freshwater Cove, Kimberley, Western Australia",Australia
10005720,Vansittart Bay (Jar Island),Australia
100005356,Koolama Bay,Australia
100005359,Montgomery Reef,Australia
100005358,Raft Point,Australia
100004998,Talbot Bay,Australia
100005360,"Yampi Sound, Kimberley, Western Australia",Australia
10005889,Port Yazar Min (for Mawlamyine & Hpa An),Myanmar (former Burma)
10005911,Abrolhos Islands,Australia
10005909,Busselton,Australia
10005908,"Flinders Island, Tasmania",Australia
10005910,Jurien Bay,Australia
10005920,"Ross Sea, Antarctica",Antarctica
10005913,Rowley Shoals,Australia
10005912,"Turquoise Bay, Ningaloo",Australia
10005907,"Maria Island, Tasmania",Australia
10005906,Commonwealth Bay & East Antarctica,Antarctica
100005016,Durres,Albania
10005902,Cruise Beaufort Sea,At sea
100004534,Esperance,Australia
10005897,"Fishguard, Wales",United Kingdom
10005903,"Port Clarence, Alaska",United States of America
10005899,Klaksvik,Faeroe Islands
10005866,Kekurnyy Point,Russian Federation
10005896,"La Estaca, El Hierro",Spain
10005765,"Lamotrek, Yap",Fed States of Micronesia
10005904,Monrovia,Liberia
10005898,Nordfjordeid,Norway
10005919,Dumont D'Urville Station,Antarctica
10005900,Patreksfjordur,Iceland
10005905,Vanikoro,Solomon Islands
10005929,Farankaraina Private Nature Reserve,Madagascar
10006231,QUITO,Ecuador
10005930,"Longview, Washington",United States of America
10005931,Masan,"Korea, Republic of"
10005933,"Fram Fjord, Ellesmere Island",Canada
10005934,"Grise Fjord, Ellesmere island",Canada
10005932,"Queen Harbour, Devon Island, Nunavut",Canada
10005935,Bantry,Ireland
100004744,Portland,United Kingdom
10005937,Paradeep,India
10005943,"Muthaafushi Island, Baa Atoll",Maldives
10005944,La Crique,Madagascar
10005942,"Krenitsyna Point, Onekotan Island",Russian Federation
10005940,Opala River,Russian Federation
10005941,"Nemo, Onekotan Island",Russian Federation
10005895,"Tracy Arm, Alaska",United States of America
10005946,CocoCay,Bahamas
10005947,Nosy IranJa,Madagascar
10005948,Nosy Antsoha,Madagascar
10005951,Dangriga,Belize
10005952,South Water Caye,Belize
10005953,Guanaja Cay,Honduras
10005954,"Josh's Cay , Graham's Place",Honduras
10005955,Pigeon Cays,Honduras
10005950,Dublin (Dun Loaghaire),Ireland
10005949,Exuma Island,Bahamas
10005956,Nosy Andravoho,Madagascar
10005957,Cruise Seto Inland Sea,Japan
10005958,Pulau Kital,Indonesia
10005959,Batam,Indonesia
10005960,Naxos,Greece
10005961,Folegandros,Greece
10005962,Nafpaktos,Greece
10005963,Ksamil,Albania
10005964,Licata,Italy
100005320,"Fort William, Scotland",United Kingdom
10005965,Kyaikkami (for Mawlamyine),Myanmar (former Burma)
10005966,Ile Royale,French Guiana
10005967,"Long Island, Andaman Islands",India
10005968,Frigate Island (Star Habour),Solomon Islands
100005361,Hunter River,Australia
100005329,Puerto Banús,Spain
10005869,Trois Ilets,Martinique
10005969,Pulau Biak,Indonesia
10005970,Conflict Islands,Papua New Guinea
10005971,Mooloolaba,Australia
10005972,Yeosu,"Korea, Republic of"
10005973,Akita,Japan
10005974,Sakata,Japan
10005977,Reggio Calabria,Italy
10005976,Ko Kut,Thailand
10005975,"Praia Sundy, Principe",Sao Tome and Principe
10005979,Muroran,Japan
10005978,"Cruise Hubbard Glacier, Alaska",United States of America
10005980,Bigge Island,Australia
100005362,Swift Bay,Australia
10005915,Prince Edward and Marion Islands,South Africa
10005916,Crozet Islands,French Southern Territories
10005917,Kerguelen Islands,French Southern Territories
100005311,Eidfjord,Norway
10005918,Amsterdam Island,French Southern Territories
10005982,"Lenakel, Tanna Island",Vanuatu
10005981,"Clarence Town, Long Island",Bahamas
10005983,Semisarom Island,Indonesia
10005984,Pulau Karang,Indonesia
10005985,Pulau Jeh,Indonesia
10005986,Dili,East Timor
10005987,Cirebon,Indonesia
10005988,Pulau Bulumanuk,Indonesia
10005989,Nuyanat Island,Indonesia
10005991,"Tanaga, Alaska",United States of America
10005992,"Great Sitkin, Alaska",United States of America
10005990,Paramushir,Russian Federation
100004441,"Naze, Amani Oshima",Japan
10005993,Amorgos,Greece
10005994,Bozcaada,Turkey
10005995,Raufarhofn,Iceland
10005996,Froya,Norway
10005997,Cruise Sognefjord,Norway
10005998,Cruise Hardangerfjord,Norway
10005999,Lysebotn,Norway
10006000,Pulau Padaidori,Indonesia
10006002,Pulau Run,Indonesia
10006005,Pulau Moyo,Indonesia
10006003,Yirrkala,Australia
10006004,Groote Eylandt,Australia
10006006,Mornington Island,Australia
10006007,Michaelmas Cay,Australia
10006008,Holbourne Island,Australia
10006009,Percy Island,Australia
10006010,Tryon Island,Australia
10006011,Middleton Reef,Australia
10006001,Merauke,Indonesia
10005884,Mersing,Malaysia
100004407,Collioure,France
100005273,Monopoli,Italy
100005020,Mljet,Croatia
10005532,Cruise the Bosporus,Turkey
100005306,Rosendal,Norway
10006018,"Nordfjordhlmen, Melfjord",Norway
10006020,King George Island,Antarctica
10006021,San Sebastian,Spain
10006022,Sudureyri,Iceland
10006023,Bolungarvik,Iceland
10006024,Expedition Northeast Greenland,Greenland
10006025,Abrolhos Archipelago,Brazil
10006026,South of the Polar Circle,Antarctica
10006012,Kadavu Island,Fiji
10006013,Eua Island,Tonga
10006027,Bourgas,Bulgaria
10006019,Eclipse position / day at sea,At sea
100005295,"Torquay, England",United Kingdom
100005294,"Icy Strait Point, Alaska",United States of America
10006028,"Praia da Vitoria, Azores",Portugal
100005310,Cruise Lysefjord,Norway
10005921,"Kwatisore, Cenderawasih Bay",Indonesia
100005247,Sawa-i-Lau,Fiji
100005104,Porto Seguro,Brazil
10006029,Lady Musgrave Island,Australia
10006030,Lady Elliot Island,Australia
10006031,Capricornia Cays National Park,Australia
10006032,Cochamo,Chile
10006033,Sermilinnguaq,Greenland
10006034,Bull Point,Falkland Islands (Malvinas)
100004636,Eilat,Israel
100005121,"Moroni, Grand Comore",Comoros
10006035,"MYSTERY ISLAND, ANELGHOWHAT",Vanuatu
10006036,"Miyako, Iwate",Japan
10006037,Panama Pacific anchorage,Panama
10006038,"Amorgos, Katapola",Greece
10006040,Expedition Svartenhuk,Greenland
10006041,Expedition Ataa Sound,Greenland
10006042,Savissivik,Greenland
10006043,Expedition Northwest Greenland,Greenland
10006044,Expedition Kullorsuaq,Greenland
10006045,Expedition Tasiusaq Bay,Greenland
10006046,Thryms Glacier,Greenland
10006047,Cruise Skjoldungen Fjord,Greenland
10006048,Expedition Upernavik Fjord,Greenland
10006054,Kanmon Strait Passage,Japan
10006055,Lindisfarne Island,United Kingdom
10006057,St Abbs,United Kingdom
10006058,Papa Westray,United Kingdom
10006059,Nusfjord,Norway
10006060,"Groetavaer, Grytoya Island",Norway
10006061,Kasfjord,Norway
10006056,Farne Islands,United Kingdom
10006062,"Papa Stour, Shetland Islands, Scotland",United Kingdom
10006063,"Foula, Shetland Islands, Scotland",United Kingdom
10006064,"Shiant Islands, Scotland",United Kingdom
10006065,"Lock Scavaig, Island of Skye, Scotland",United Kingdom
10006066,"Isle of Canna, Scotland",United Kingdom
10006067,Boreray Island cruising,United Kingdom
10006068,"Arduaine, Scotland",United Kingdom
10006069,"Calf of Man, Isle of Man",United Kingdom
10006070,Isle of Lundy,United Kingdom
10006071,Ile de Brehat,France
10006072,Les Sept Iles,France
10006073,"Ushant, Ile d'Ouessant",France
10006074,Iles des Glenan,France
10006075,"Calheta, Sao Jorge, Azores",Portugal
10006076,"Ilha do Corvo, Azores",Portugal
10006077,"Santa Cruz das Flores, Azores",Portugal
10006078,Dhiba port,Saudi Arabia
10006079,"Punta Mangle, Fernandina",Ecuador
10006080,"Punta Moreno, Isabela",Ecuador
10006081,Isla Santa Fé,Ecuador
10006082,"Rodriguez Breeding Centre, San Cristóbal",Ecuador
10006083,"Cerro Brujo, San Cristóbal",Ecuador
10006084,Isla Guy Fawkes,Ecuador
10006085,"Bahía Borrero, Santa Cruz",Ecuador
10006086,King Abdullah Port,Saudi Arabia
10006087,"Yanbu, Ras Al Abyadh",Saudi Arabia
10006088,Magna,Saudi Arabia
10006090,Antarctic Expedition Deep South,Antarctica
10006089,"Buccaneer Cove, Santiago",Ecuador
10006091,Sindalh Island,Saudi Arabia
10006092,Reykjavik (Hafnarfjordur),Iceland
100005031,Le Lavandou,France
100005114,Sal,Cape Verde
10006093,Expedition Chilean Fjords,Chile
2655,Dunvegan,United Kingdom
10005510,"Port St Mary, Isle of Man",United Kingdom
100005256,Concarneau,France
100005330,Ferrol,Spain
10006094,Santa Carolina Island,Mozambique
10006095,Nosy Tanikely,Madagascar
10006096,Tanga,Tanzania
10006097,Maanaagala,Maldives
10006098,"Fulidu, Vaavu Atoll",Maldives
10006099,Vashugiri,Maldives
10006100,Expedition Dampier Archipelago,Australia
10006101,Expedition Montebello Islands,Australia
10006102,Dirk Hartog Island,Australia
10006103,Wagifa Island,Papua New Guinea
10006104,Euaiki Island,Tonga
10006105,Ilha de Anchieta,Brazil
10006106,Guajara,Brazil
10006107,Rio Balaio,Brazil
10006108,Furo dos Botos,Brazil
10006110,Lago Canaraci,Brazil
10006111,Furo Comprido,Brazil
10006112,Curua Una,Brazil
10006113,Jariuba,Brazil
10006114,Cajari,Brazil
10006115,Paramaribo,Suriname
10006116,Georgetown,Guyana
10006117,Expedition Essequibo River,Guyana
10006118,Union,St Vincent and Grenadines
10006119,Barbuda,Antigua and Barbuda
10006121,"Nain, Newfoundland",Canada
10006122,"Bryer, Isles of Scilly",United Kingdom
10006123,Uumanaq Fjord,Greenland
10006124,Chegitum,Russian Federation
100005365,Lacepedes Islands,Australia
100005103,Paranagua,Brazil
10006120,Indian Harbour,Canada
100005283,Carriacou,Grenada
10006125,"Velas, Sao Jorge, Azores",Portugal
10006126,"Point Hope, Alaska",United States of America
10006127,Cruise Storfjord,Norway
10006128,Sundsvollsundet,Norway
10006131,Ras Al Khaimah,United Arab Emirates
10006132,Playa Panama,Costa Rica
10006133,Herradura,Costa Rica
10006134,Puerto Lopez,Ecuador
100005243,Runavik,Faeroe Islands
10006136,"Pulau Sepa Besar, Thousand Islands",Indonesia
10006137,"Adele Island, Kimberley",Australia
10006138,Cruise Amazon River,Brazil
10006139,Kalanggaman private island,Philippines
10006140,"Tanjungpandan, Belitung Islands",Indonesia
10006141,Lavrentiya Bay,Russian Federation
10005926,Penkigney Bay,Russian Federation
10006142,"South Lampi, Merqui Archipelago",Myanmar (former Burma)
10006147,"Mardsen Point, Whangarei",New Zealand
10006148,Tipaza,Algeria
10005901,"Shelburne, Nova Scotia",Canada
100005291,"Whittier, Alaska",United States of America
100005239,Ain Sukhna,Egypt
100005056,Paphos,Cyprus
100005332,DAMMAM,Saudi Arabia
10006149,Sortland,Norway
100004215,Manihi,French Polynesia
100005018,Oran,Algeria
10006151,Zighy Bay,Oman
10006152,Masirah Island,Oman
10006153,Jazan,Saudi Arabia
10006154,Farasan islands,Saudi Arabia
10006155,Al Wajh,Saudi Arabia
10006156,Ile de Groix,France
10006157,Roscoff,France
10006158,Colonsay,United Kingdom
10006159,Lindenow Fjord,Greenland
10006160,Tassermiut Fjord,Greenland
10006161,Portobelo,Panama
10006162,Port Navalo,France
10006163,Christianso Island,Denmark
10006164,Kuressaare,Estonia
10006165,Gotska Island,Sweden
10006166,Gnaggen,Sweden
10006167,Valsorarna,Finland
10006168,Oulu,Finland
10006169,Kalajoki,Finland
10006170,Oro Island,Finland
10006171,Ulko Island,Finland
10006172,Neah Bay,United States of America
100005120,ANJOUAN,Comoros
100004370,Annaba,Algeria
10006173,Khawr Rawri,Oman
10006174,Praslin & La Digue,Seychelles
10006175,Samarai,Papua New Guinea
100004330,"Tahuata, Marquesas Islands",French Polynesia
10006177,Egersund,Norway
10005727,D'ARROS ISLAND,Seychelles
10006179,Total Lunar Eclipse,Canada
100005301,Skjolden,Norway
10006181,Astove - Seychelles,Seychelles
10006182,Fusina (Venice),Italy
10006183,Andros Island (Bahamas),Bahamas
10006184,"Yarmouth, Nova Scotia",Canada
10006185,"Carloway, Isle Of Lewis",United Kingdom
10006186,"Scalloway, Shetland Islands",United Kingdom
10006187,"Cousin Island, Seychelles",Seychelles
10006188,Jar Island,Australia
10006189,Qalerallit Fjord,Greenland
10006190,"Port Royal, Kingston",Jamaica
10006191,Shute Harbor (Whitsunday Islan,Australia
10006192,Greencastle (Londonderry),Ireland
100004480,"Kahului, Maui, Hawaii",United States of America
10006194,Langebaan,South Africa
10006195,Port Nolloth,South Africa
10006196,Hermanus,South Africa
10006197,Bird Island,South Africa
10006198,Moheli,Comoros
10006199,Pulau Satonda,Indonesia
10006200,North Muiron Island,Australia
10006201,Rauhi Island,Solomon Islands
10006202,"Hatiheu, Nuku Hiva",French Polynesia
10006203,Reao,French Polynesia
10006204,Sao Luis,Brazil
10006205,Barra Grande,Brazil
10006206,Boa Vista,Cape Verde
10006207,Batz Island,France
10006208,Stranraer,United Kingdom
10006209,Helensburgh,United Kingdom
10006210,"Locheynort, Uist Island",United Kingdom
10006211,Aquiqui,Brazil
10006212,"Newhaven (Edinburgh),Scotland",United Kingdom
10006213,Sao Nicolau,Cape Verde
10006214,Wary Bay,Australia
100005225,Fanjove Island,Tanzania
10006215,"Marble Island, Nunavut",Canada
10006216,"Coral Harbour, Nunavut",Canada
10006217,"Digges Island, Nunavut",Canada
10006218,"Cape Hay, Bylot Island",Canada
10006219,Auyuituq National Park,Canada
10006220,"Pangnirtung, Nunavut",Canada
10006221,"Coats Island, Nunavut",Canada
10006222,Cape Constitution,Greenland
10006223,Kraulshavn,Greenland
10006224,Tasiilaq,Greenland
10006225,Sermilligaaq Fjord,Greenland
10006226,Watkins Fjord,Greenland
10006227,"Ottawa,Canada",Canada
10006230,Girvan,United Kingdom
10006232,Santiago,Chile
10006233,Balneario Camboriu,Brazil
10006234,"Cape Peron, Shark Bay",Australia
10006235,Dibba Al-Baya,Oman
10006236,Mousa Island,Djibouti
10006237,Thorklakshofn,Iceland
10006238,"Edinburgh Island, Nunavut",Canada
10006239,"Ulukhaktok, Northern Territori",Canada
10006240,Butrint,Albania
100005352,"Paamiut,Greenland",Greenland
100004594,Saaremaa,Estonia
10006241,Dry Dock Trieste,Italy
10006242,Khor Fakkan,United Arab Emirates
10006243,"Unst,Shetland Islands",United Kingdom
10006245,"Guarapi Rip, Hole In The Wall",Australia
10006246,Nares Point,Australia
10006247,Georgous George,Australia
10006248,Iron Islands,Australia
10006244,Mirbat,Oman
10005871,Mbili Island,Solomon Islands
10006251,Saudarkrogur,Iceland
10006252,Skagastrond,Iceland
10006259,"Eastport, Me",United States of America
10006253,Bahia Inutil,Chile
10006254,Bahia Retreat,Chile
10006255,Bahia Hartwell,Chile
10006256,Bernal Glacier,Chile
10006257,Quinupeu Fjord,Chile
10006258,Isla Mocha,Chile
10006263,"Sanda Island, Scotland",United Kingdom
10006265,"Tarbert, North Harris",United Kingdom
10006266,"Copinsay, Orkney Islands",United Kingdom
10006267,"Montrose, Scotland",United Kingdom
10006268,"Castelbay, Barra Island",United Kingdom
10006261,Cape Clear Island,Ireland
10006262,Schull,Ireland
10006260,Kapisillit,Greenland
10006269,Porto Carras,Greece
10006270,Cruising Mount Athos,Greece
10006271,Vlore,Albania
10006272,"Pantelleria, Sicily",Italy
100005280,Ios,Greece
100005274,Crotone,Italy
10006276,Robe,Australia
10006277,"North Port, Mardsen Point",New Zealand
10006292,Fecham Bay,Canada
10006280,Rotuma,Fiji
10006282,Nukufetau,Tuvalu
10006279,Pulau Semau,Indonesia
10006281,Pulau Hoga,Indonesia
10006283,Tagat Sagel Reef,Indonesia
10006286,Sebakor Bay,Indonesia
10006287,"Fam Island , Raja Ampat",Indonesia
10006289,"Pulau Penumu, Raja Ampat",Indonesia
10006291,"Loch Moidart, Scotland",United Kingdom
10006290,Arnarfjörður,Iceland
10006288,Dingle,Ireland
10006285,"Inisheer, Aran Islands",Ireland
10006274,Bolivar Canal Cruising,Ecuador
10006273,"Bahia Bowditch, Santa Cruz",Ecuador
100005094,"Cape York, Australia",Australia
10006275,"San Cristobal, Isla Lobos",Ecuador
10005885,Kochi,Japan
10006293,Llimanaq,Greenland
10006294,"Leopold Island, Nunavut",Canada
10006296,High Bluff Island (Canada),Canada
10006299,Eemshaven (Netherlands),Netherlands
10006297,"Pugh Island, Nunavut",Canada
10006298,"Serfat, Greenland",Greenland
10006300,"Cape Colby, Nunavut",Canada
10006301,"Cape Murchisan, Nunavut",Canada
10006302,Indonesia,
10006303,La Seyne Sur Mer (Toulon),France
10006305,"Cape Mercy, Nunavut",Canada
10006306,"Ice Edge, Nunavut",Canada
10006307,"Qiajivik Fjord, Nunavut",Canada
10006308,"Coutts Inlet Fjord, Nunavut",Canada
10006309,"Cuming Inlet, Nunavut",Canada
10006310,"Boas Fjord,Nunavut",Canada
10006314,Coningham Bay (Canada),Canada
10006312,Kong Oscar Fjord (Greenland),Greenland
10006313,Kejser Franz Joseph Fjord,Greenland
10006311,Kvanefjord (Greenland),Greenland
10006315,"Shingu, Wakayama",Japan
10006316,Komatsushima,Japan
10006317,Toba,Japan
10006318,Sombrero Chino (Glpg Island),Ecuador
10006319,"Inverie, Scotland",United Kingdom
10006320,Oyndarfjordur,Faeroe Islands
10006321,Holmavik,Iceland
10006322,"Grimsey Island, Drangsnes",Iceland
10006323,Veidleysufjordur,Iceland
10006324,Djupavik,Iceland
10006325,Hofsos,Iceland
10006326,Malmey Island,Iceland
10006327,Drangey Island,Iceland
10006328,Tumavik,Iceland
10006329,Punta Leona,Costa Rica
10006330,"Inisheer, Aaran Islands",Ireland
10006331,Tory Island,Ireland
100005166,Cruise Bellot Strait,Canada
100005349,Bekkjarvik,Norway
10006333,"Royal Naval Dockyard, Bermuda",Bermuda
10006334,Furo Cajuba,Brazil
10006335,Rio Negro,Brazil
10006336,Creswell Bay,Canada
10006338,Sumburgh(Great Britain),United Kingdom
10006339,Sinda Island,Tanzania
10006340,"Mkoani, Pemba Island",Tanzania
10006341,Misali Island,Tanzania
10006343,Kangitisoq,Greenland
10006344,Praia Grande,Brazil
10006346,Curariaca,Brazil
10006347,Urubu,Brazil
10006348,"Lavrion, Athens",Greece
10006349,"Lamlash, Aran Island, Scotland",United Kingdom
10005464,Subic Bay,Philippines
10006352,Sopers Hole,British Virgin Islands
10006350,Graedefjord,Greenland
10006351,Aqilitsiivik,Greenland
10006353,"Erik Cove, Nunavut",Canada
10006354,"Maiden Island, Nunavut",Canada
10006355,"Wales Island, Nunavut",Canada
10006356,"Butterfly Bay, Nunavut",Canada
10006358,Berwick Upon-Tweed,United Kingdom
10006359,Koholite Island,Solomon Islands
10006360,Kosa Island,Solomon Islands
10006362,Sudavik,Iceland
10006361,Kronprinsen Ejland,Greenland
10006363,Stranda,Norway
10006364,Qeqertaralaat,Greenland
10006365,Kuannit Point,Greenland
10006366,"Maxwell Bay, Nunavut",Canada
10006367,"Bethune Inlet, Nunavut",Canada
2251,Toronto,Canada
10006368,"Gudhjem, Bornholm",Denmark
10006369,"Icy Arm, Nunavut",Canada
10006370,"Feachem, Nunavut",Canada
10006371,Liepaja,Latvia
10006372,Dry Dock Victoria,Canada
100005261,Ponza,Italy
10006377,Hebron Fjord,Canada
10006378,"Nachvak Fjord, Torngat Nationa",Canada
10006379,"Qikiqtarjuaq, Nunavut",Canada
10006380,"Saglek Bay, Torngat National P",Canada
10006381,El Brujo Glacier,Chile
10006382,Puerto Cisnes,Chile
10006383,Pointe Denis,Gabon
10006384,Amerloq Fjord,Greenland
10006385,"Aritilleq, Disko Island",Greenland
10006373,Bakkagerdi,Iceland
10006387,Air Terjun Kiti,Indonesia
10006388,Aisandami Village,Indonesia
10006389,"Maransabadi Island, Auri Islan",Indonesia
10006390,Pulau Balbulol,Indonesia
10006393,Pulau Karawapop,Indonesia
10006392,Pulau Num,Indonesia
10006394,Pulau Rouw,Indonesia
10006395,Sanwinggrai,Indonesia
10006396,Tanjung Mannguar,Indonesia
10006374,"Handa Island, Scotland",United Kingdom
10006375,"Port Ellen, Islay Island",United Kingdom
10006376,"Tanera Beg, Summer Isles",United Kingdom
10006386,"Weymouth, England",United Kingdom
10006397,Sorvagur,Faeroe Islands
10006357,"Shaftesbury Inlet, Nunavut",Canada
10005750,"Grand Manan, New Brunswick",Canada
10006398,South Queensferry(Edinburgh),United Kingdom
10006399,Pauillac,France
10006400,"Klawock, Alaska",United States of America
10006342,Inacessible Island,St Helena
100005039,Agropoli,Italy
10006402,"Rodney Bay, Saint Lucia","St Lucia, West Indies"
10006403,Cam Ranh,Vietnam
2170,"Tahaa, Society Islands",French Polynesia
10006404,Wessel Islands,Australia
10006405,Bremer Island,Australia
10006406,Tablolong Beach,Indonesia
10006408,"Frasenburgh, Scotland",United Kingdom
10006409,"Sweden, Ystad",Sweden
10006410,Mjofjördur,Iceland
10006411,Digges Sound,Canada
